1784841482 42.3
1784841483 34.0
1784841484 29.3
1784841485 29.7
1784841486 32.5
1784841487 30.6
1784841488 32.6
1784841489 36.0
1784841490 30.9
1784841491 30.3
1784841492 30.6
1784841493 31.1
1784841494 30.2
1784841495 30.6
1784841496 31.5
1784841497 30.8
1784841498 31.0
1784841499 30.2
1784841500 29.8
1784841501 28.5
1784841502 29.7
1784841503 34.2
1784841504 29.8
1784841506 29.1
1784841507 29.0
1784841508 30.7
1784841509 31.2
1784841510 29.7
1784841511 29.7
1784841512 30.4
1784841513 28.8
1784841514 30.4
1784841515 29.7
1784841516 37.8
1784841517 33.6
1784841518 28.8
1784841519 29.9
1784841520 29.6
1784841521 30.6
1784841522 28.9
1784841523 29.7
1784841524 33.9
1784841525 30.0
1784841526 28.9
1784841527 31.2
1784841528 29.6
1784841529 31.4
1784841530 29.4
1784841531 30.1
1784841532 28.1
1784841533 28.0
1784841534 29.6
1784841535 29.0
1784841536 30.9
1784841537 28.6
1784841538 30.6
1784841539 32.0
1784841540 29.3
1784841541 29.1
1784841542 29.3
1784841543 30.4
1784841544 30.5
1784841545 29.8
1784841546 30.2
1784841547 33.0
1784841548 29.5
1784841549 30.2
1784841550 29.9
1784841551 29.9
1784841552 28.8
1784841553 30.3
1784841554 29.6
1784841555 29.2
1784841556 28.4
1784841557 30.4
1784841558 31.6
1784841559 30.3
1784841560 29.4
1784841561 31.8
1784841562 29.4
1784841563 29.0
1784841564 31.5
1784841565 29.3
1784841566 30.8
1784841567 30.9
1784841568 29.4
1784841569 36.7
1784841570 30.4
1784841571 33.1
1784841572 31.0
1784841573 29.5
1784841574 29.6
1784841575 29.2
1784841576 31.6
1784841577 30.7
1784841578 31.9
1784841579 31.1
1784841580 33.5
1784841581 29.3
1784841582 28.4
1784841583 29.6
1784841584 34.9
1784841585 31.8
1784841586 28.4
1784841587 29.9
1784841588 28.7
1784841589 31.3
1784841590 30.5
1784841591 29.7
1784841592 28.8
1784841593 30.0
1784841594 29.4
1784841595 32.3
1784841596 29.7
1784841597 30.9
1784841598 29.4
1784841599 32.7
1784841600 38.2
1784841601 30.1
1784841602 29.4
1784841603 30.5
1784841604 40.5
1784841605 31.6
1784841606 29.5
1784841607 30.0
1784841608 27.8
1784841609 29.4
1784841610 29.3
1784841611 29.5
1784841612 27.7
1784841613 29.6
1784841614 31.6
1784841615 29.3
1784841616 27.6
1784841617 30.0
1784841618 28.1
1784841619 30.2
1784841620 29.0
1784841621 29.3
1784841622 27.8
1784841623 27.6
1784841624 29.9
1784841625 30.5
1784841626 28.5
1784841627 28.8
1784841628 28.8
1784841629 28.8
1784841630 29.5
1784841631 28.1
1784841632 29.1
1784841633 28.7
1784841634 28.9
1784841635 30.3
1784841636 28.2
1784841637 29.4
1784841638 27.2
1784841639 30.9
1784841640 27.8
1784841641 28.5
1784841642 28.5
1784841643 28.7
1784841644 32.5
1784841645 29.5
1784841646 28.4
1784841647 28.8
1784841648 28.3
1784841649 29.2
1784841650 28.9
1784841651 28.9
1784841652 27.9
1784841653 28.6
1784841654 29.2
1784841655 29.3
1784841656 28.7
1784841657 29.1
1784841658 27.4
1784841659 31.2
1784841660 35.1
1784841661 35.0
1784841662 28.7
1784841663 28.8
1784841664 35.0
1784841665 37.2
1784841666 28.9
1784841667 29.3
1784841668 28.4
1784841669 29.7
1784841670 28.4
1784841671 29.4
1784841672 28.4
1784841673 27.7
1784841674 29.3
1784841675 29.3
1784841676 28.1
1784841677 28.7
1784841678 28.1
1784841679 29.0
1784841680 29.2
1784841681 29.1
1784841682 28.6
1784841683 28.6
1784841684 28.4
1784841685 28.9
1784841686 28.7
1784841687 28.4
1784841688 28.5
1784841689 30.6
1784841690 30.3
1784841691 29.3
1784841692 28.6
1784841693 28.5
1784841694 29.4
1784841695 29.2
1784841696 30.1
1784841697 30.8
1784841698 29.4
1784841699 31.1
1784841700 29.2
1784841701 30.3
1784841702 28.1
1784841703 30.4
1784841704 35.7
1784841705 32.0
1784841706 31.1
1784841707 28.3
1784841708 28.8
1784841709 30.6
1784841710 28.7
1784841711 28.7
1784841712 28.3
1784841713 28.7
1784841714 31.0
1784841715 28.6
1784841716 30.8
1784841717 29.6
1784841718 28.9
1784841719 30.4
1784841720 29.7
1784841721 30.2
1784841722 29.6
1784841723 29.2
1784841724 33.4
1784841725 38.7
1784841726 35.1
1784841727 30.8
1784841728 30.1
1784841729 30.2
1784841730 28.9
1784841731 30.3
1784841732 29.0
1784841734 29.2
1784841735 29.9
1784841736 30.1
1784841737 31.3
1784841738 29.8
1784841739 29.9
1784841740 32.1
1784841741 29.0
1784841742 29.5
1784841743 31.1
1784841744 29.8
1784841745 30.1
1784841746 28.9
1784841747 31.2
1784841748 28.5
1784841749 28.3
1784841750 31.9
1784841751 29.6
1784841752 29.7
1784841753 28.9
1784841754 30.4
1784841755 29.2
1784841756 28.6
1784841757 29.2
1784841758 30.8
1784841759 29.0
1784841760 29.5
1784841761 30.8
1784841762 29.0
1784841763 28.0
1784841764 33.0
1784841765 33.1
1784841766 29.8
1784841767 29.4
1784841768 28.7
1784841769 31.7
1784841770 31.0
1784841771 28.7
1784841772 28.9
1784841773 29.9
1784841774 30.0
1784841775 30.3
1784841776 34.1
1784841777 32.1
1784841778 31.1
1784841779 33.0
1784841780 31.5
1784841781 31.7
1784841782 29.3
1784841783 33.2
1784841784 30.6
1784841785 31.8
1784841786 30.3
1784841787 29.7
1784841788 30.9
1784841789 33.1
1784841790 31.3
1784841791 30.4
1784841792 29.9
1784841793 28.4
1784841794 28.9
1784841795 30.0
1784841796 29.3
1784841797 28.5
1784841798 28.2
1784841799 29.8
1784841800 29.9
1784841801 28.4
1784841802 28.2
1784841803 29.1
1784841804 29.0
1784841805 28.5
1784841806 29.1
1784841807 29.9
1784841808 28.6
1784841809 28.2
1784841810 31.8
1784841811 28.4
1784841812 28.7
1784841813 28.1
1784841814 27.8
1784841815 16.5
1784841816 15.1
1784841817 15.4
1784841818 18.1
1784841819 15.4
1784841820 16.3
1784841821 17.0
1784841822 18.9
1784841823 14.5
1784841824 18.1
1784841825 16.0
1784841826 15.8
1784841827 18.8
1784841828 15.3
1784841829 16.3
1784841830 16.4
1784841831 14.7
1784841832 16.7
1784841833 15.0
1784841834 14.7
1784841835 16.9
1784841836 17.6
1784841837 15.8
1784841838 14.5
1784841839 17.4
1784841840 17.0
1784841841 15.1
1784841842 14.8
1784841843 16.2
1784841844 16.0
1784841845 14.9
1784841846 16.3
1784841847 21.7
1784841848 17.8
1784841849 15.1
1784841850 16.8
1784841851 15.1
1784841852 15.2
1784841853 14.8
1784841854 16.2
1784841855 16.7
1784841856 14.7
1784841857 16.9
1784841858 14.5
1784841859 15.8
1784841860 15.5
1784841861 16.1
1784841862 14.5
1784841863 14.9
1784841864 17.3
1784841865 15.7
1784841866 15.4
1784841867 14.9
1784841868 15.3
1784841869 14.5
1784841870 18.5
1784841871 16.3
1784841872 15.3
1784841873 15.2
1784841874 13.9
1784841875 16.4
1784841876 15.1
1784841877 15.6
1784841878 14.2
1784841879 15.5
1784841880 15.8
1784841881 14.4
1784841882 14.7
1784841883 14.8
1784841884 18.3
1784841885 15.1
1784841886 15.7
1784841887 18.7
1784841888 16.1
1784841889 18.2
1784841890 16.6
1784841891 18.4
1784841892 15.1
1784841893 15.4
1784841894 14.9
1784841895 16.5
1784841896 15.0
1784841897 16.0
1784841898 14.2
1784841899 15.6
1784841900 15.9
1784841901 15.5
1784841902 14.9
1784841903 14.5
1784841904 14.8
1784841905 15.6
1784841906 15.8
1784841907 15.1
1784841908 21.4
1784841909 15.3
1784841910 15.2
1784841911 15.3
1784841912 14.6
1784841913 17.9
1784841914 16.2
1784841915 16.2
1784841916 15.5
1784841917 16.0
1784841918 15.0
1784841919 16.9
1784841920 18.0
1784841921 14.9
1784841922 15.1
1784841923 15.2
1784841924 14.7
1784841925 15.5
1784841926 16.2
1784841927 14.7
1784841928 15.5
1784841929 15.9
1784841930 17.9
1784841931 18.1
1784841932 14.3
1784841933 15.0
1784841934 14.7
1784841935 16.2
1784841936 15.6
1784841937 14.1
1784841938 14.7
1784841939 17.9
1784841940 16.6
1784841941 14.7
1784841942 15.5
1784841943 14.7
1784841945 17.9
1784841946 16.1
1784841947 15.7
1784841948 15.2
1784841949 14.5
1784841950 16.3
1784841951 15.0
1784841952 18.9
1784841953 14.2
1784841954 15.5
1784841955 14.5
1784841956 19.1
1784841957 16.3
1784841958 14.8
1784841959 16.0
1784841960 14.7
1784841961 17.3
1784841962 14.9
1784841963 16.6
1784841964 19.2
1784841965 16.2
1784841966 15.8
1784841967 17.9
1784841968 20.3
1784841969 20.0
1784841970 24.6
1784841971 20.3
1784841972 19.8
1784841973 22.0
1784841974 23.1
1784841975 21.5
1784841976 33.0
1784841977 23.1
1784841978 20.6
1784841979 35.2
1784841980 36.6
1784841981 28.3
1784841982 26.3
1784841983 25.8
1784841984 29.4
1784841985 23.8
1784841986 19.0
1784841987 41.4
1784841988 39.0
1784841989 36.3
1784841990 38.9
1784841991 26.6
1784841992 36.0
1784841993 35.0
1784841994 22.1
1784841995 22.7
1784841996 28.1
1784841997 24.4
1784841998 16.2
1784841999 15.8
1784842000 16.6
1784842001 21.4
1784842002 26.8
1784842003 34.9
1784842004 30.4
1784842005 43.5
1784842006 16.8
1784842007 20.4
1784842008 32.8
1784842009 21.4
1784842010 16.6
1784842011 19.0
1784842012 31.9
1784842013 23.6
1784842014 31.5
1784842015 15.4
1784842016 21.4
1784842017 28.6
1784842018 36.6
1784842019 29.2
1784842020 30.6
1784842021 28.2
1784842022 17.4
1784842023 13.1
1784842024 27.8
1784842025 28.4
1784842026 24.1
1784842027 20.4
1784842028 27.2
1784842029 28.6
1784842030 33.8
1784842031 21.9
1784842032 22.2
1784842033 22.9
1784842034 33.3
1784842035 25.1
1784842036 32.5
1784842037 28.9
1784842038 28.9
1784842039 26.1
1784842040 23.7
1784842041 16.7
1784842042 12.1
1784842043 12.6
1784842044 29.4
1784842045 32.5
1784842046 24.6
1784842047 18.2
1784842048 23.8
1784842049 17.9
1784842050 20.8
1784842051 18.3
1784842052 23.1
1784842053 26.2
1784842054 23.3
1784842055 14.7
1784842056 16.7
1784842057 13.5
1784842058 20.6
1784842059 14.3
1784842060 23.8
1784842061 24.4
1784842062 22.7
1784842063 18.4
1784842064 21.2
1784842065 25.9
1784842066 17.6
1784842067 20.0
1784842068 19.3
1784842069 16.1
1784842070 24.2
1784842071 29.3
1784842072 23.2
1784842073 19.5
1784842074 17.7
1784842075 16.4
1784842076 19.3
1784842077 16.3
1784842078 15.7
1784842079 14.3
1784842080 18.0
1784842081 18.7
1784842082 14.8
1784842083 14.8
1784842084 17.0
1784842085 20.7
1784842086 17.1
1784842087 15.7
1784842088 18.5
1784842089 20.4
1784842090 17.2
1784842091 16.0
1784842092 16.4
1784842093 14.5
1784842094 18.8
1784842095 17.0
1784842096 15.0
1784842097 16.3
1784842098 19.4
1784842099 15.2
1784842100 25.2
1784842101 15.9
1784842102 16.2
1784842103 15.7
1784842104 24.8
1784842105 21.0
1784842106 16.9
1784842107 15.2
1784842108 16.7
1784842109 16.1
1784842110 17.4
1784842111 14.1
1784842112 23.8
1784842113 21.5
1784842114 21.9
1784842115 16.4
1784842116 21.2
1784842117 17.3
1784842118 17.3
1784842119 16.9
1784842120 16.4
1784842121 14.8
1784842122 14.5
1784842123 15.5
1784842124 17.9
1784842125 14.9
1784842126 14.7
1784842127 15.4
1784842128 20.1
1784842129 19.1
1784842130 15.2
1784842131 16.4
1784842132 15.3
1784842133 15.5
1784842134 24.9
1784842135 23.0
1784842136 22.9
1784842137 19.8
1784842138 17.1
1784842139 24.3
1784842140 39.2
1784842141 18.9
1784842142 15.6
1784842143 17.5
1784842144 21.0
1784842145 20.3
1784842146 17.3
1784842147 15.2
1784842148 20.9
1784842149 19.6
1784842150 24.0
1784842151 14.9
1784842152 23.2
1784842153 18.2
1784842154 17.4
1784842155 15.0
1784842156 16.0
1784842157 15.5
1784842158 15.4
1784842160 15.9
1784842161 16.5
1784842162 15.8
1784842163 14.7
1784842164 14.9
1784842165 23.3
1784842166 22.8
1784842167 15.9
1784842168 14.7
1784842169 17.4
1784842170 24.8
1784842171 16.3
1784842172 15.1
1784842173 17.5
1784842174 24.0
1784842175 16.9
1784842176 15.8
1784842177 16.6
1784842178 14.2
1784842179 15.6
1784842180 15.9
1784842181 15.1
1784842182 14.6
1784842183 15.7
1784842184 16.1
1784842185 18.4
1784842186 15.3
1784842187 16.5
1784842188 14.7
1784842189 17.6
1784842190 17.4
1784842191 17.9
1784842192 14.6
1784842193 14.8
1784842194 15.3
1784842195 15.9
1784842196 15.4
1784842197 16.5
1784842198 16.1
1784842199 15.2
1784842200 15.7
1784842201 17.1
1784842202 16.4
1784842203 14.5
1784842204 15.1
1784842205 16.4
1784842206 18.0
1784842207 24.6
1784842208 26.3
1784842209 23.9
1784842210 19.4
1784842211 15.8
1784842212 14.9
1784842213 15.8
1784842214 17.7
1784842215 17.7
1784842216 16.9
1784842217 15.3
1784842218 14.2
1784842219 16.8
1784842220 16.0
1784842221 15.0
1784842222 16.6
1784842223 15.4
1784842224 17.7
1784842225 16.0
1784842226 17.6
1784842227 17.8
1784842228 15.2
1784842229 17.7
1784842230 24.7
1784842231 18.5
1784842232 16.0
1784842233 17.7
1784842234 23.4
1784842235 18.0
1784842236 15.2
1784842237 16.7
1784842238 15.6
1784842239 17.9
1784842240 15.2
1784842241 15.2
1784842242 15.7
1784842243 14.2
1784842244 18.0
1784842245 16.1
1784842246 15.2
1784842247 15.0
1784842248 15.2
1784842249 16.3
1784842250 14.9
1784842251 16.0
1784842252 14.5
1784842253 18.4
1784842254 16.9
1784842255 17.3
1784842256 16.4
1784842257 16.2
1784842258 14.9
1784842259 14.6
1784842260 17.9
1784842261 14.6
1784842262 15.1
1784842263 14.5
1784842264 20.3
1784842265 15.3
1784842266 15.3
1784842267 16.2
1784842268 14.1
1784842269 15.6
1784842270 14.9
1784842271 16.4
1784842272 14.1
1784842273 15.0
1784842274 14.9
1784842275 19.8
1784842276 14.5
1784842277 15.6
1784842278 15.9
1784842279 17.6
1784842280 16.2
1784842281 15.6
1784842282 15.7
1784842283 14.5
1784842284 17.0
1784842285 15.5
1784842286 16.3
1784842287 15.6
1784842288 15.6
1784842289 22.3
1784842290 16.9
1784842291 16.9
1784842292 18.1
1784842293 26.3
1784842294 19.8
1784842295 24.0
1784842296 18.1
1784842297 17.4
1784842298 15.2
1784842299 16.5
1784842300 16.3
1784842301 15.1
1784842302 15.1
1784842303 15.0
1784842304 18.4
1784842305 16.3
1784842306 15.7
1784842307 17.4
1784842308 16.3
1784842309 15.9
1784842310 16.8
1784842311 17.1
1784842312 14.3
1784842313 15.5
1784842314 18.0
1784842315 18.6
1784842316 15.6
1784842317 15.0
1784842318 17.0
1784842319 14.7
1784842320 18.3
1784842321 16.7
1784842322 16.2
1784842323 14.4
1784842324 15.2
1784842325 16.1
1784842326 15.8
1784842327 16.2
1784842328 14.0
1784842329 15.9
1784842330 15.3
1784842331 15.4
1784842332 14.7
1784842333 15.2
1784842334 15.6
1784842335 15.0
1784842336 17.9
1784842337 16.1
1784842338 15.6
1784842339 21.1
1784842340 17.2
1784842341 14.9
1784842342 15.1
1784842343 16.5
1784842344 16.7
1784842345 16.4
1784842346 17.3
1784842347 17.4
1784842348 15.0
1784842349 15.0
1784842350 17.2
1784842351 18.6
1784842352 16.7
1784842353 18.0
1784842354 15.0
1784842355 15.8
1784842356 16.5
1784842357 14.9
1784842358 15.1
1784842359 17.9
1784842360 16.8
1784842361 16.2
1784842362 16.8
1784842363 16.4
1784842364 18.4
1784842365 15.6
1784842366 17.0
1784842367 14.6
1784842369 14.9
1784842370 24.3
1784842371 21.4
1784842372 15.7
1784842373 16.3
1784842374 20.5
1784842375 21.3
1784842376 16.1
1784842377 17.4
1784842378 17.7
1784842379 15.9
1784842380 14.7
1784842381 17.6
1784842382 18.3
1784842383 16.1
1784842384 17.0
1784842385 19.0
1784842386 15.4
1784842387 15.7
1784842388 18.5
1784842389 18.0
1784842390 21.2
1784842391 16.6
1784842392 16.3
1784842393 15.5
1784842394 18.3
1784842395 16.8
1784842396 14.5
1784842397 16.7
1784842398 14.4
1784842399 15.5
1784842400 15.5
1784842401 15.5
1784842402 15.6
1784842403 14.7
1784842404 17.2
1784842405 20.9
1784842406 17.7
1784842407 17.4
1784842408 15.5
1784842409 16.5
1784842410 16.2
1784842411 16.3
1784842412 23.8
1784842413 28.5
1784842414 13.0
1784842415 13.5
1784842416 14.7
1784842417 13.3
1784842418 12.0
1784842419 11.3
1784842420 12.2
1784842421 11.2
1784842422 12.8
1784842423 11.5
1784842424 12.2
1784842425 14.9
1784842426 12.2
1784842427 15.1
1784842428 11.3
1784842429 13.9
1784842430 17.0
1784842431 17.7
1784842432 16.8
1784842433 11.1
1784842434 13.5
1784842435 16.6
1784842436 13.3
1784842437 12.6
1784842438 11.1
1784842439 10.8
1784842440 14.7
1784842441 12.1
1784842442 12.2
1784842443 12.6
1784842444 10.6
1784842445 11.6
1784842446 10.9
1784842447 13.2
1784842448 12.3
1784842449 19.9
1784842450 27.7
1784842451 14.6
1784842452 13.4
1784842453 10.7
1784842454 11.9
1784842455 11.7
1784842456 31.7
1784842457 25.7
1784842458 28.4
1784842459 20.9
1784842460 21.9
1784842461 22.3
1784842462 21.8
1784842463 11.9
1784842464 11.4
1784842465 16.1
1784842466 11.2
1784842467 13.5
1784842468 10.6
1784842469 15.0
1784842470 13.1
1784842471 14.2
1784842472 12.6
1784842473 13.8
1784842474 11.7
1784842475 11.3
1784842476 12.5
1784842477 12.6
1784842478 12.5
1784842479 11.5
1784842480 11.5
1784842481 12.1
1784842482 11.8
1784842483 11.3
1784842484 13.8
1784842485 12.7
1784842486 11.5
1784842487 14.0
1784842488 11.4
1784842489 11.6
1784842490 13.1
1784842491 12.2
1784842492 12.6
1784842493 10.7
1784842494 11.9
1784842495 21.6
1784842496 13.3
1784842497 12.4
1784842498 12.1
1784842499 17.5
1784842500 12.4
1784842501 13.6
1784842502 12.9
1784842503 11.7
1784842504 10.7
1784842505 13.3
1784842506 13.0
1784842507 12.2
1784842508 11.8
1784842509 11.4
1784842510 12.7
1784842511 11.7
1784842512 12.8
1784842513 11.0
1784842514 11.8
1784842515 11.7
1784842516 12.3
1784842517 12.6
1784842518 10.7
1784842519 12.4
1784842520 10.9
1784842521 12.0
1784842522 11.5
1784842523 12.0
1784842524 11.5
1784842525 11.3
1784842526 12.4
1784842527 12.6
1784842528 11.6
1784842529 13.5
1784842530 14.0
1784842531 11.9
1784842532 12.7
1784842533 15.0
1784842534 10.7
1784842535 12.1
1784842536 12.1
1784842537 13.4
1784842538 11.4
1784842539 11.3
1784842540 13.0
1784842541 11.6
1784842542 11.7
1784842543 10.8
1784842544 13.6
1784842545 11.5
1784842546 11.9
1784842547 12.2
1784842548 11.0
1784842549 11.6
1784842550 11.8
1784842551 12.9
1784842552 11.6
1784842553 11.5
1784842554 10.6
1784842555 12.8
1784842556 11.9
1784842557 11.8
1784842558 12.5
1784842559 13.5
1784842560 17.9
1784842561 10.7
1784842562 13.5
1784842563 11.6
1784842564 20.5
1784842565 11.3
1784842566 12.8
1784842567 12.3
1784842568 18.5
1784842569 13.6
1784842570 10.8
1784842571 12.7
1784842572 11.5
1784842573 12.0
1784842574 11.1
1784842575 12.0
1784842576 12.4
1784842577 11.5
1784842578 11.2
1784842579 10.8
1784842580 12.5
1784842582 10.9
1784842583 12.3
1784842584 11.2
1784842585 11.7
1784842586 11.6
1784842587 11.2
1784842588 13.1
1784842589 15.4
1784842590 12.6
1784842591 10.8
1784842592 12.1
1784842593 15.8
1784842594 25.0
1784842595 12.2
1784842596 12.0
1784842597 12.1
1784842598 12.0
1784842599 11.8
1784842600 11.8
1784842601 10.7
1784842602 11.5
1784842603 13.5
1784842604 11.4
1784842605 13.4
1784842606 12.1
1784842607 13.0
1784842608 11.9
1784842609 10.8
1784842610 12.9
1784842611 11.7
1784842612 11.4
1784842613 12.2
1784842614 11.6
1784842615 11.9
1784842616 11.6
1784842617 13.0
1784842618 12.2
1784842619 11.1
1784842620 11.8
1784842621 12.4
1784842622 11.5
1784842623 11.7
1784842624 13.5
1784842625 18.0
1784842626 14.5
1784842627 14.0
1784842628 14.4
1784842629 11.3
1784842630 11.6
1784842631 11.7
1784842632 12.6
1784842633 13.1
1784842634 11.2
1784842635 12.8
1784842636 11.7
1784842637 11.3
1784842638 14.1
1784842639 11.2
1784842640 12.6
1784842641 11.8
1784842642 12.4
1784842643 12.1
1784842644 10.8
1784842645 12.0
1784842646 12.2
1784842647 12.0
1784842648 11.5
1784842649 13.1
1784842650 12.4
1784842651 10.7
1784842652 11.2
1784842653 13.1
1784842654 11.6
1784842655 10.8
1784842656 12.0
1784842657 11.6
1784842658 11.9
1784842659 11.3
1784842660 12.6
1784842661 12.2
1784842662 10.3
1784842663 12.1
1784842664 11.7
1784842665 12.6
1784842666 10.8
1784842667 12.6
1784842668 14.1
1784842669 11.3
1784842670 12.0
1784842671 11.8
1784842672 18.4
1784842673 29.5
1784842674 15.9
1784842675 21.6
1784842676 16.1
1784842677 15.4
1784842678 17.3
1784842679 14.7
1784842680 15.3
1784842681 14.8
1784842682 15.1
1784842683 16.1
1784842684 14.8
1784842685 15.6
1784842686 16.0
1784842687 16.3
1784842688 16.8
1784842689 15.4
1784842690 16.8
1784842691 14.6
1784842692 16.8
1784842693 18.3
1784842694 15.9
1784842695 16.6
1784842696 16.9
1784842697 15.8
1784842698 16.4
1784842699 18.3
1784842700 18.1
1784842701 15.1
1784842702 14.5
1784842703 19.1
1784842704 16.9
1784842705 15.5
1784842706 14.4
1784842707 15.9
1784842708 16.9
1784842709 13.9
1784842710 16.0
1784842711 15.0
1784842712 15.6
1784842713 15.8
1784842714 15.3
1784842715 19.5
1784842716 27.7
1784842717 13.8
1784842718 28.3
1784842719 40.5
1784842720 37.6
1784842721 36.7
1784842722 33.8
1784842723 24.0
1784842724 38.2
1784842725 27.9
1784842726 35.2
1784842727 55.9
1784842728 46.9
1784842729 33.8
1784842730 38.0
1784842731 21.9
1784842732 31.6
1784842733 23.4
1784842734 34.9
1784842735 26.0
1784842736 27.1
1784842737 24.9
1784842738 45.1
1784842739 37.3
1784842740 33.4
1784842741 29.6
1784842742 18.3
1784842743 18.9
1784842744 26.0
1784842745 25.5
1784842746 24.1
1784842747 29.6
1784842748 33.7
1784842749 32.5
1784842750 26.9
1784842751 33.8
1784842752 35.0
1784842753 39.9
1784842754 38.9
1784842755 38.2
1784842756 35.9
1784842757 32.8
1784842758 20.4
1784842759 16.0
1784842760 16.4
1784842761 23.7
1784842762 19.2
1784842763 16.1
1784842764 15.5
1784842765 22.5
1784842766 21.8
1784842767 15.8
1784842768 18.3
1784842769 16.3
1784842770 18.8
1784842771 17.5
1784842772 22.9
1784842773 30.4
1784842774 23.7
1784842775 19.2
1784842776 19.7
1784842777 15.0
1784842778 17.4
1784842779 17.8
1784842780 17.3
1784842781 15.7
1784842782 14.7
1784842783 17.4
1784842784 17.7
1784842785 21.7
1784842786 16.8
1784842787 26.0
1784842788 26.5
1784842789 25.1
1784842790 15.9
1784842792 20.0
1784842793 22.7
1784842794 18.1
1784842795 17.9
1784842796 14.3
1784842797 15.9
1784842798 14.4
1784842799 17.6
1784842800 15.7
1784842801 14.3
1784842802 14.7
1784842803 15.5
1784842804 15.7
1784842805 16.4
1784842806 15.2
1784842807 15.7
1784842808 15.0
1784842809 15.2
1784842810 15.8
1784842811 15.2
1784842812 16.0
1784842813 15.1
1784842814 16.0
1784842815 16.0
1784842816 15.9
1784842817 16.8
1784842818 14.7
1784842819 19.3
1784842820 15.7
1784842821 16.3
1784842822 15.0
1784842823 14.5
1784842824 22.4
1784842825 26.5
1784842826 22.6
1784842827 12.4
1784842828 14.1
1784842829 12.3
1784842830 12.6
1784842831 11.4
1784842832 12.0
1784842833 12.1
1784842834 17.6
1784842835 13.8
1784842836 13.7
1784842837 14.1
1784842838 10.4
1784842839 12.5
1784842840 12.3
1784842841 11.1
1784842842 11.4
1784842843 11.3
1784842844 12.2
1784842845 13.7
1784842846 12.1
1784842847 12.1
1784842848 11.2
1784842849 11.5
1784842850 17.0
1784842851 11.4
1784842852 14.1
1784842853 18.5
1784842854 15.1
1784842855 12.2
1784842856 12.3
1784842857 23.0
1784842858 11.6
1784842859 11.9
1784842860 12.5
1784842861 12.1
1784842862 11.2
1784842863 10.6
1784842864 12.3
1784842865 12.3
1784842866 10.9
1784842867 14.5
1784842868 11.9
1784842869 11.8
1784842870 11.6
1784842871 11.8
1784842872 12.0
1784842873 10.7
1784842874 14.0
1784842875 13.0
1784842876 11.0
1784842877 11.1
1784842878 11.9
1784842879 12.4
1784842880 12.0
1784842881 10.7
1784842882 11.7
1784842883 10.9
1784842884 11.2
1784842885 11.9
1784842886 11.8
1784842887 11.6
1784842888 11.5
1784842889 11.6
1784842890 13.3
1784842891 11.0
1784842892 11.5
1784842893 14.7
1784842894 24.7
1784842895 11.2
1784842896 11.6
1784842897 12.6
1784842898 11.0
1784842899 13.2
1784842900 12.4
1784842901 11.7
1784842902 10.6
1784842903 11.2
1784842904 12.7
1784842905 12.6
1784842906 14.0
1784842907 11.8
1784842908 11.4
1784842909 11.4
1784842910 13.5
1784842911 11.9
1784842912 11.2
1784842913 11.2
1784842914 14.3
1784842915 13.6
1784842916 11.1
1784842917 20.5
1784842918 12.9
1784842919 12.0
1784842920 12.1
1784842921 11.3
1784842922 12.3
1784842923 11.2
1784842924 11.6
1784842925 11.3
1784842926 12.6
1784842927 11.1
1784842928 11.8
1784842929 12.3
1784842930 11.6
1784842931 13.0
1784842932 10.8
1784842933 11.6
1784842934 11.5
1784842935 12.0
1784842936 11.3
1784842937 12.0
1784842938 12.2
1784842939 12.1
1784842940 13.3
1784842941 10.4
1784842942 12.1
1784842943 10.5
1784842944 12.3
1784842945 11.1
1784842946 11.4
1784842947 12.3
1784842948 10.6
1784842949 11.9
1784842950 12.9
1784842951 11.7
1784842952 11.5
1784842953 13.0
1784842954 12.5
1784842955 12.2
1784842956 11.5
1784842957 12.4
1784842958 12.6
1784842959 11.2
1784842960 12.3
1784842961 10.9
1784842962 13.9
1784842963 10.6
1784842964 12.1
1784842965 14.8
1784842966 10.9
1784842967 12.0
1784842968 10.5
1784842969 14.3
1784842970 11.9
1784842971 11.7
1784842972 12.1
1784842973 11.5
1784842974 11.5
1784842975 12.2
1784842976 13.4
1784842977 10.4
1784842978 12.5
1784842979 12.2
1784842980 13.1
1784842981 10.7
1784842982 11.9
1784842983 12.2
1784842984 11.9
1784842985 18.1
1784842986 19.0
1784842987 12.0
1784842988 12.5
1784842989 16.0
1784842990 12.9
1784842991 10.5
1784842992 11.7
1784842993 12.4
1784842994 12.9
1784842995 11.6
1784842996 12.2
1784842997 11.9
1784842998 10.5
1784842999 11.5
1784843000 11.6
1784843001 13.1
1784843002 11.1
1784843003 11.0
1784843004 12.5
1784843006 11.3
1784843007 13.6
1784843008 10.5
1784843009 12.6
1784843010 12.2
1784843011 12.2
1784843012 10.6
1784843013 12.2
1784843014 11.6
1784843015 12.3
1784843016 12.2
1784843017 12.8
1784843018 11.3
1784843019 10.8
1784843020 13.0
1784843021 11.2
1784843022 11.9
1784843023 11.5
1784843024 11.4
1784843025 12.8
1784843026 15.3
1784843027 12.8
1784843028 10.4
1784843029 12.7
1784843030 13.8
1784843031 12.1
1784843032 11.4
1784843033 11.5
1784843034 12.0
1784843035 11.7
1784843036 12.6
1784843037 11.3
1784843038 11.9
1784843039 17.9
1784843040 12.7
1784843041 11.8
1784843042 11.3
1784843043 11.1
1784843044 10.5
1784843045 13.2
1784843046 10.9
1784843047 11.9
1784843048 11.6
1784843049 11.7
1784843050 12.3
1784843051 11.4
1784843052 11.8
1784843053 10.7
1784843054 11.1
1784843055 12.1
1784843056 12.1
1784843057 13.9
1784843058 11.5
1784843059 11.2
1784843060 12.2
1784843061 12.4
1784843062 10.6
1784843063 12.2
1784843064 18.5
1784843065 16.2
1784843066 11.5
1784843067 12.1
1784843068 15.3
1784843069 15.9
1784843070 13.3
1784843071 11.2
1784843072 14.2
1784843073 19.3
1784843074 12.3
1784843075 12.2
1784843076 11.4
1784843077 12.2
1784843078 11.0
1784843079 11.2
1784843080 12.3
1784843081 12.2
1784843082 10.5
1784843083 11.3
1784843084 11.6
1784843085 12.2
1784843086 14.8
1784843087 13.0
1784843088 12.7
1784843089 11.6
1784843090 12.6
1784843091 12.2
1784843092 11.5
1784843093 12.1
1784843094 10.7
1784843095 13.4
1784843096 11.9
1784843097 12.4
1784843098 11.3
1784843099 12.2
1784843100 12.8
1784843101 11.2
1784843102 11.8
1784843103 11.4
1784843104 11.0
1784843105 12.6
1784843106 11.2
1784843107 12.3
1784843108 10.8
1784843109 11.4
1784843110 11.8
1784843111 11.3
1784843112 12.2
1784843113 11.3
1784843114 10.8
1784843115 12.1
1784843116 11.0
1784843117 12.5
1784843118 11.5
1784843119 13.1
1784843120 11.8
1784843121 11.5
1784843122 11.4
1784843123 11.5
1784843124 12.4
1784843125 20.3
1784843126 12.0
1784843127 13.7
1784843128 11.4
1784843129 19.1
1784843130 14.2
1784843131 11.5
1784843132 11.5
1784843133 17.2
1784843134 13.6
1784843135 13.4
1784843136 11.0
1784843137 12.8
1784843138 10.2
1784843139 12.2
1784843140 11.8
1784843141 11.5
1784843142 11.5
1784843143 11.4
1784843144 11.1
1784843145 11.8
1784843146 13.8
1784843147 13.9
1784843148 11.1
1784843149 11.6
1784843150 12.9
1784843151 12.5
1784843152 12.1
1784843153 12.0
1784843154 11.0
1784843155 12.7
1784843156 10.4
1784843157 12.2
1784843158 12.3
1784843159 11.4
1784843160 12.7
1784843161 11.7
1784843162 11.5
1784843163 11.2
1784843164 11.1
1784843165 12.2
1784843166 11.1
1784843167 12.5
1784843168 11.3
1784843169 11.3
1784843170 11.3
1784843171 11.4
1784843172 12.0
1784843173 11.6
1784843174 10.5
1784843175 12.6
1784843176 11.2
1784843177 12.6
1784843178 11.4
1784843179 12.5
1784843180 12.0
1784843181 10.9
1784843182 12.1
1784843183 13.0
1784843184 11.7
1784843185 11.4
1784843186 12.2
1784843187 12.0
1784843188 10.6
1784843189 17.6
1784843190 17.5
1784843191 11.5
1784843192 11.0
1784843193 17.6
1784843194 36.5
1784843195 11.4
1784843196 11.6
1784843197 12.8
1784843198 11.2
1784843199 11.1
1784843200 11.9
1784843201 11.5
1784843202 11.4
1784843203 10.8
1784843204 12.4
1784843205 11.4
1784843206 13.6
1784843207 12.0
1784843208 11.4
1784843209 12.9
1784843210 11.1
1784843211 12.5
1784843212 11.8
1784843213 12.0
1784843214 13.3
1784843215 13.0
1784843216 11.9
1784843217 11.7
1784843219 11.9
1784843220 12.1
1784843221 10.8
1784843222 12.7
1784843223 12.5
1784843224 11.3
1784843225 11.0
1784843226 12.7
1784843227 11.9
1784843228 11.1
1784843229 10.6
1784843230 12.7
1784843231 11.1
1784843232 11.8
1784843233 13.0
1784843234 11.1
1784843235 11.2
1784843236 10.5
1784843237 12.3
1784843238 11.4
1784843239 10.3
1784843240 12.0
1784843241 11.2
1784843242 11.4
1784843243 11.0
1784843244 12.0
1784843245 12.5
1784843246 12.1
1784843247 11.0
1784843248 12.2
1784843249 12.1
1784843250 12.3
1784843251 12.0
1784843252 11.5
1784843253 11.0
1784843254 16.5
1784843255 20.2
1784843256 11.4
1784843257 10.9
1784843258 12.3
1784843259 11.9
1784843260 11.4
1784843261 10.4
1784843262 12.1
1784843263 11.6
1784843264 11.1
1784843265 11.7
1784843266 11.2
1784843267 13.9
1784843268 11.0
1784843269 11.3
1784843270 13.0
1784843271 10.4
1784843272 11.1
1784843273 12.5
1784843274 12.1
1784843275 11.5
1784843276 12.1
1784843277 12.3
1784843278 13.6
1784843279 11.9
1784843280 12.5
1784843281 11.9
1784843282 11.4
1784843283 11.7
1784843284 12.1
1784843285 13.5
1784843286 10.9
1784843287 12.8
1784843288 13.4
1784843289 11.2
1784843290 12.2
1784843291 11.7
1784843292 11.3
1784843293 11.1
1784843294 11.6
1784843295 12.9
1784843296 10.8
1784843297 11.1
1784843298 14.3
1784843299 12.2
1784843300 11.7
1784843301 11.0
1784843302 12.5
1784843303 11.2
1784843304 10.9
1784843305 12.1
1784843306 12.1
1784843307 10.9
1784843308 11.8
1784843309 13.7
1784843310 12.9
1784843311 10.7
1784843312 11.3
1784843313 12.5
1784843314 12.0
1784843315 13.2
1784843316 13.8
1784843317 11.7
1784843318 11.4
1784843319 11.3
1784843320 13.4
1784843321 10.8
1784843322 11.7
1784843323 11.5
1784843324 11.8
1784843325 11.4
1784843326 11.1
1784843327 14.7
1784843328 10.9
1784843329 10.8
1784843330 14.0
1784843331 11.5
1784843332 10.9
1784843333 11.2
1784843334 12.6
1784843335 12.4
1784843336 10.8
1784843337 12.6
1784843338 12.9
1784843339 10.5
1784843340 14.1
1784843341 11.9
1784843342 11.2
1784843343 11.2
1784843344 11.5
1784843345 12.4
1784843346 11.4
1784843347 13.3
1784843348 11.3
1784843349 12.0
1784843350 11.2
1784843351 11.6
1784843352 12.4
1784843353 10.8
1784843354 11.3
1784843355 11.7
1784843356 12.2
1784843357 11.4
1784843358 11.7
1784843359 11.8
1784843360 11.6
1784843361 10.5
1784843362 11.4
1784843363 12.0
1784843364 10.9
1784843365 11.6
1784843366 11.2
1784843367 12.2
1784843368 10.9
1784843369 11.2
1784843370 14.0
1784843371 10.7
1784843372 11.4
1784843373 12.6
1784843374 12.8
1784843375 18.2
1784843376 12.0
1784843377 12.4
1784843378 10.8
1784843379 11.2
1784843380 12.0
1784843381 13.0
1784843382 10.5
1784843383 11.7
1784843384 11.6
1784843385 12.9
1784843386 10.6
1784843387 13.9
1784843388 11.8
1784843389 11.2
1784843390 12.4
1784843391 11.8
1784843392 11.2
1784843393 10.8
1784843394 11.6
1784843395 12.8
1784843396 11.2
1784843397 12.4
1784843398 10.6
1784843399 12.8
1784843400 11.6
1784843401 11.8
1784843402 11.1
1784843403 11.3
1784843404 11.1
1784843405 12.2
1784843406 13.6
1784843407 12.1
1784843408 11.5
1784843409 11.3
1784843410 14.0
1784843411 10.7
1784843412 11.3
1784843413 11.5
1784843414 13.6
1784843415 12.1
1784843416 11.4
1784843417 11.8
1784843418 11.1
1784843419 11.7
1784843420 12.2
1784843421 11.4
1784843422 10.7
1784843423 11.7
1784843424 12.1
1784843425 12.2
1784843426 12.3
1784843427 10.8
1784843428 11.9
1784843430 11.6
1784843431 13.9
1784843432 11.5
1784843433 11.2
1784843434 11.5
1784843435 16.4
1784843436 15.4
1784843437 11.4
1784843438 11.6
1784843439 12.7
1784843440 13.2
1784843441 11.9
1784843442 11.0
1784843443 11.8
1784843444 12.9
1784843445 15.3
1784843446 11.2
1784843447 14.0
1784843448 17.3
1784843449 15.7
1784843450 15.3
1784843451 11.6
1784843452 12.1
1784843453 10.4
1784843454 12.3
1784843455 12.2
1784843456 12.0
1784843457 12.2
1784843458 11.3
1784843459 11.3
1784843460 11.3
1784843461 12.1
1784843462 11.1
1784843463 11.4
1784843464 10.8
1784843465 13.0
1784843466 12.0
1784843467 11.8
1784843468 11.9
1784843469 13.1
1784843470 14.7
1784843471 11.7
1784843472 13.6
1784843473 11.4
1784843474 11.0
1784843475 13.0
1784843476 12.0
1784843477 11.7
1784843478 10.8
1784843479 13.3
1784843480 11.3
1784843481 11.4
1784843482 11.4
1784843483 12.0
1784843484 12.1
1784843485 11.8
1784843486 12.2
1784843487 10.8
1784843488 11.4
1784843489 10.6
1784843490 14.4
1784843491 11.6
1784843492 11.4
1784843493 11.6
1784843494 11.9
1784843495 16.8
1784843496 18.9
1784843497 15.3
1784843498 14.7
1784843499 11.4
1784843500 11.6
1784843501 12.6
1784843502 12.1
1784843503 11.2
1784843504 11.8
1784843505 11.5
1784843506 13.2
1784843507 11.2
1784843508 11.5
1784843509 11.0
1784843510 13.7
1784843511 11.5
1784843512 11.8
1784843513 12.1
1784843514 10.4
1784843515 13.1
1784843516 12.5
1784843517 17.2
1784843518 10.6
1784843519 12.1
1784843520 12.7
1784843521 18.1
1784843522 15.7
1784843523 10.3
1784843524 11.4
1784843525 11.3
1784843526 12.6
1784843527 13.4
1784843528 10.9
1784843529 11.1
1784843530 12.5
1784843531 11.5
1784843532 11.2
1784843533 11.8
1784843534 11.6
1784843535 11.7
1784843536 12.0
1784843537 12.2
1784843538 13.1
1784843539 12.2
1784843540 12.9
1784843541 11.7
1784843542 15.3
1784843543 12.9
1784843544 11.5
1784843545 11.5
1784843546 12.6
1784843547 12.5
1784843548 11.3
1784843549 10.7
1784843550 14.9
1784843551 11.8
1784843552 11.4
1784843553 11.1
1784843554 12.5
1784843555 19.1
1784843556 17.0
1784843557 11.4
1784843558 11.1
1784843559 11.7
1784843560 11.5
1784843561 11.6
1784843562 11.8
1784843563 10.4
1784843564 10.8
1784843565 12.7
1784843566 11.9
1784843567 11.5
1784843568 11.6
1784843569 12.0
1784843570 15.9
1784843571 11.2
1784843572 12.4
1784843573 11.3
1784843574 10.8
1784843575 12.0
1784843576 16.4
1784843577 16.2
1784843578 10.6
1784843579 12.3
1784843580 15.2
1784843581 19.6
1784843582 11.9
1784843583 12.1
1784843584 11.8
1784843585 12.1
1784843586 15.3
1784843587 13.1
1784843588 10.7
1784843589 10.5
1784843590 13.0
1784843591 12.2
1784843592 10.4
1784843593 11.3
1784843594 11.4
1784843595 12.1
1784843596 11.2
1784843597 12.1
1784843598 12.1
1784843599 10.3
1784843600 11.6
1784843601 12.4
1784843602 19.1
1784843603 10.6
1784843604 11.2
1784843605 12.2
1784843606 11.5
1784843607 11.6
1784843608 11.5
1784843609 13.0
1784843610 12.1
1784843611 10.9
1784843612 12.2
1784843613 10.8
1784843614 12.6
1784843615 19.8
1784843616 17.3
1784843617 10.5
1784843618 10.6
1784843619 18.7
1784843620 12.0
1784843621 11.4
1784843622 11.4
1784843623 11.6
1784843624 10.7
1784843625 11.1
1784843626 12.1
1784843627 12.0
1784843628 10.9
1784843629 11.5
1784843630 13.3
1784843631 11.6
1784843632 14.3
1784843633 12.8
1784843634 12.0
1784843635 12.0
1784843636 11.6
1784843637 11.5
1784843638 12.1
1784843639 10.6
1784843641 13.9
1784843642 12.5
1784843643 11.2
1784843644 11.1
1784843645 12.7
1784843646 12.3
1784843647 12.0
1784843648 11.2
1784843649 12.1
1784843650 11.4
1784843651 11.5
1784843652 16.1
1784843653 13.5
1784843654 10.9
1784843655 11.0
1784843656 11.6
1784843657 13.5
1784843658 10.9
1784843659 11.9
1784843660 12.8
1784843661 10.6
1784843662 11.4
1784843663 11.4
1784843664 11.5
1784843665 11.2
1784843666 11.2
1784843667 14.8
1784843668 12.0
1784843669 11.0
1784843670 12.6
1784843671 12.1
1784843672 11.4
1784843673 11.6
1784843674 12.2
1784843675 14.6
1784843676 19.0
1784843677 15.6
1784843678 11.7
1784843679 11.5
1784843680 11.3
1784843681 12.7
1784843682 11.3
1784843683 10.3
1784843684 11.0
1784843685 12.2
1784843686 10.6
1784843687 13.3
1784843688 10.8
1784843689 11.3
1784843690 11.4
1784843691 11.5
1784843692 13.2
1784843693 13.0
1784843694 10.3
1784843695 12.2
1784843696 11.7
1784843697 18.1
1784843698 11.5
1784843699 13.4
1784843700 11.0
1784843701 16.5
1784843702 17.8
1784843703 12.1
1784843704 10.5
1784843705 11.9
1784843706 12.0
1784843707 12.7
1784843708 10.5
1784843709 11.4
1784843710 12.6
1784843711 10.6
1784843712 11.6
1784843713 12.4
1784843714 11.3
1784843715 10.7
1784843716 12.0
1784843717 13.1
1784843718 11.9
1784843719 10.8
1784843720 12.3
1784843721 11.1
1784843722 14.1
1784843723 14.4
1784843724 11.0
1784843725 11.5
1784843726 10.9
1784843727 14.7
1784843728 11.8
1784843729 10.9
1784843730 12.6
1784843731 13.1
1784843732 13.3
1784843733 10.6
1784843734 11.5
1784843735 16.0
1784843736 20.7
1784843737 14.3
1784843738 11.7
1784843739 12.8
1784843740 16.0
1784843741 13.1
1784843742 12.1
1784843743 11.8
1784843744 10.7
1784843745 11.5
1784843746 12.1
1784843747 12.0
1784843748 10.5
1784843749 12.6
1784843750 11.7
1784843751 10.8
1784843752 12.5
1784843753 13.4
1784843754 11.3
1784843755 11.6
1784843756 12.5
1784843757 18.0
1784843758 10.4
1784843759 11.3
1784843760 12.4
1784843761 19.9
1784843762 15.4
1784843763 11.8
1784843764 11.5
1784843765 11.4
1784843766 12.2
1784843767 13.1
1784843768 10.8
1784843769 10.8
1784843770 11.9
1784843771 11.3
1784843772 11.7
1784843773 12.1
1784843774 11.8
1784843775 11.5
1784843776 11.0
1784843777 14.7
1784843778 11.3
1784843779 11.0
1784843780 11.1
1784843781 11.5
1784843782 17.3
1784843783 11.5
1784843784 11.4
1784843785 11.1
1784843786 10.7
1784843787 12.3
1784843788 11.5
1784843789 12.4
1784843790 11.5
1784843791 11.4
1784843792 11.9
1784843793 11.8
1784843794 11.4
1784843795 17.5
1784843796 19.6
1784843797 12.2
1784843798 12.3
1784843799 12.3
1784843800 11.3
1784843801 10.3
1784843802 12.5
1784843803 10.8
1784843804 11.9
1784843805 11.3
1784843806 11.7
1784843807 13.0
1784843808 10.2
1784843809 12.7
1784843810 10.9
1784843811 11.4
1784843812 11.7
1784843813 14.6
1784843814 10.9
1784843815 11.6
1784843816 11.5
1784843817 18.3
1784843818 11.1
1784843819 12.0
1784843820 14.9
1784843821 18.7
1784843822 12.4
1784843823 11.5
1784843824 10.9
1784843825 11.5
1784843826 10.9
1784843827 12.3
1784843828 11.6
1784843829 12.9
1784843830 10.8
1784843831 12.8
1784843832 12.1
1784843833 10.6
1784843834 11.5
1784843835 11.8
1784843836 13.5
1784843837 12.0
1784843838 11.8
1784843839 10.7
1784843840 12.1
1784843841 11.3
1784843842 17.9
1784843843 11.0
1784843844 11.2
1784843845 11.9
1784843846 11.1
1784843847 12.4
1784843848 10.8
1784843849 11.6
1784843850 12.8
1784843851 10.8
1784843853 12.6
1784843854 10.8
1784843855 15.6
1784843856 11.4
1784843857 12.2
1784843858 11.5
1784843859 14.2
1784843860 12.5
1784843861 15.1
1784843862 16.2
1784843863 11.3
1784843864 12.4
1784843865 11.1
1784843866 11.3
1784843867 11.3
1784843868 14.2
1784843869 11.0
1784843870 11.4
1784843871 12.4
1784843872 11.5
1784843873 12.1
1784843874 13.4
1784843875 12.4
1784843876 11.4
1784843877 11.9
1784843878 14.9
1784843879 10.7
1784843880 11.4
1784843881 15.8
1784843882 18.1
1784843883 11.6
1784843884 10.9
1784843885 12.2
1784843886 11.5
1784843887 11.8
1784843888 11.6
1784843889 12.5
1784843890 11.2
1784843891 11.7
1784843892 11.9
1784843893 13.8
1784843894 11.4
1784843895 11.2
1784843896 11.8
1784843897 11.3
1784843898 12.7
1784843899 11.2
1784843900 13.3
1784843901 11.0
1784843902 12.2
1784843903 16.7
1784843904 11.7
1784843905 11.6
1784843906 11.2
1784843907 12.0
1784843908 11.7
1784843909 11.4
1784843910 13.7
1784843911 10.4
1784843912 11.4
1784843913 11.2
1784843914 12.1
1784843915 15.0
1784843916 12.2
1784843917 11.9
1784843918 12.5
1784843919 13.4
1784843920 11.9
1784843921 11.7
1784843922 11.0
1784843923 11.8
1784843924 11.3
1784843925 11.6
1784843926 11.3
1784843927 14.6
1784843928 12.8
1784843929 10.6
1784843930 12.3
1784843931 10.8
1784843932 11.8
1784843933 18.8
1784843934 20.5
1784843935 14.4
1784843936 10.7
1784843937 11.8
1784843938 11.6
1784843939 13.1
1784843940 10.7
1784843941 11.4
1784843942 11.0
1784843943 12.0
1784843944 10.9
1784843945 11.7
1784843946 12.0
1784843947 11.4
1784843948 10.7
1784843949 12.0
1784843950 12.5
1784843951 10.6
1784843952 11.1
1784843953 12.4
1784843954 10.5
1784843955 15.6
1784843956 11.2
1784843957 13.3
1784843958 10.9
1784843959 13.0
1784843960 12.0
1784843961 11.8
1784843962 10.6
1784843963 11.4
1784843964 12.3
1784843965 11.0
1784843966 11.5
1784843967 11.8
1784843968 12.0
1784843969 11.2
1784843970 12.8
1784843971 13.0
1784843972 10.2
1784843973 11.2
1784843974 11.4
1784843975 14.7
1784843976 18.3
1784843977 15.5
1784843978 12.1
1784843979 14.9
1784843980 10.9
1784843981 11.3
1784843982 12.2
1784843983 17.6
1784843984 10.9
1784843985 11.9
1784843986 11.9
1784843987 11.3
1784843988 11.2
1784843989 14.1
1784843990 13.4
1784843991 11.5
1784843992 11.6
1784843993 12.9
1784843994 13.4
1784843995 11.7
1784843996 12.0
1784843997 16.8
1784843998 13.1
1784843999 12.1
1784844000 14.6
1784844001 20.3
1784844002 12.8
1784844003 12.7
1784844004 11.6
1784844005 11.1
1784844006 11.9
1784844007 17.2
1784844008 10.8
1784844009 11.8
1784844010 12.7
1784844011 11.1
1784844012 10.3
1784844013 11.5
1784844014 12.3
1784844015 11.0
1784844016 10.6
1784844017 13.4
1784844018 11.3
1784844019 11.2
1784844020 11.3
1784844021 12.5
1784844022 17.5
1784844023 10.9
1784844024 12.5
1784844025 11.8
1784844026 10.3
1784844027 11.0
1784844028 12.7
1784844029 12.3
1784844030 13.9
1784844031 11.8
1784844032 11.8
1784844033 12.2
1784844034 10.7
1784844035 16.1
1784844036 19.3
1784844037 14.0
1784844038 11.3
1784844039 14.0
1784844040 12.1
1784844041 10.5
1784844042 11.5
1784844043 11.8
1784844044 11.0
1784844045 10.8
1784844046 12.4
1784844047 11.8
1784844048 11.0
1784844049 12.8
1784844050 11.8
1784844051 10.8
1784844052 10.8
1784844053 14.8
1784844054 13.1
1784844055 11.5
1784844056 10.8
1784844057 18.2
1784844058 11.6
1784844059 11.3
1784844060 14.2
1784844061 19.3
1784844062 14.5
1784844063 11.1
1784844064 13.4
1784844065 11.1
1784844066 11.0
1784844067 12.2
1784844069 11.6
1784844070 11.4
1784844071 10.6
1784844072 12.6
1784844073 10.2
1784844074 10.9
1784844075 11.7
1784844076 12.2
1784844077 12.1
1784844078 10.6
1784844079 13.3
1784844080 11.9
1784844081 10.6
1784844082 10.9
1784844083 16.5
1784844084 12.0
1784844085 11.4
1784844086 12.3
1784844087 13.0
1784844088 10.5
1784844089 11.1
1784844090 15.2
1784844091 10.4
1784844092 11.0
1784844093 12.3
1784844094 12.8
1784844095 11.7
1784844096 15.0
1784844097 22.0
1784844098 12.2
1784844099 11.2
1784844100 11.7
1784844101 12.6
1784844102 10.7
1784844103 10.6
1784844104 11.7
1784844105 19.9
1784844106 11.7
1784844107 11.3
1784844108 12.7
1784844109 10.9
1784844110 12.0
1784844111 10.5
1784844112 12.9
1784844113 10.8
1784844114 11.1
1784844115 12.3
1784844116 13.4
1784844117 13.8
1784844118 16.4
1784844119 13.1
1784844120 11.9
1784844121 16.9
1784844122 17.3
1784844123 11.1
1784844124 12.2
1784844125 11.6
1784844126 12.8
1784844127 11.2
1784844128 10.8
1784844129 12.8
1784844130 12.9
1784844131 10.2
1784844132 10.8
1784844133 12.2
1784844134 11.4
1784844135 11.3
1784844136 12.0
1784844137 11.9
1784844138 10.6
1784844139 11.0
1784844140 13.0
1784844141 11.2
1784844142 13.2
1784844143 13.3
1784844144 13.0
1784844145 11.8
1784844146 10.4
1784844147 13.3
1784844148 12.3
1784844149 12.5
1784844150 13.4
1784844151 12.2
1784844152 11.3
1784844153 10.6
1784844154 11.5
1784844155 13.7
1784844156 16.9
1784844157 19.9
1784844158 11.9
1784844159 12.2
1784844160 12.2
1784844161 10.6
1784844162 11.9
1784844163 11.1
1784844164 10.9
1784844165 12.4
1784844166 11.7
1784844167 11.0
1784844168 10.7
1784844169 12.3
1784844170 12.6
1784844171 10.6
1784844172 11.1
1784844173 12.2
1784844174 11.3
1784844175 11.2
1784844176 12.6
1784844177 11.9
1784844178 15.6
1784844179 13.6
1784844180 14.8
1784844181 18.8
1784844182 13.9
1784844183 11.7
1784844184 11.9
1784844185 12.0
1784844186 12.3
1784844187 16.4
1784844188 11.3
1784844189 11.3
1784844190 12.0
1784844191 13.4
1784844192 10.8
1784844193 11.0
1784844194 12.6
1784844195 12.0
1784844196 10.8
1784844197 11.5
1784844198 12.3
1784844199 12.0
1784844200 11.7
1784844201 11.4
1784844202 15.9
1784844203 11.1
1784844204 11.2
1784844205 12.5
1784844206 11.0
1784844207 11.0
1784844208 11.4
1784844209 12.6
1784844210 12.3
1784844211 11.8
1784844212 12.6
1784844213 11.8
1784844214 11.5
1784844215 12.4
1784844216 18.3
1784844217 19.1
1784844218 12.1
1784844219 12.5
1784844220 12.1
1784844221 12.3
1784844222 11.5
1784844223 11.6
1784844224 11.6
1784844225 10.9
1784844226 15.9
1784844227 14.3
1784844228 11.0
1784844229 11.1
1784844230 13.0
1784844231 11.2
1784844232 12.8
1784844233 11.5
1784844234 11.4
1784844235 12.1
1784844236 11.2
1784844237 12.2
1784844238 11.9
1784844239 12.7
1784844240 12.1
1784844241 11.8
1784844242 11.9
1784844243 12.8
1784844244 12.2
1784844245 11.6
1784844246 11.8
1784844247 12.7
1784844248 15.2
1784844249 11.5
1784844250 12.0
1784844251 12.3
1784844252 10.7
1784844253 11.1
1784844254 12.0
1784844255 13.0
1784844256 11.9
1784844257 11.9
1784844258 12.1
1784844259 11.7
1784844260 12.2
1784844261 10.8
1784844262 12.2
1784844263 12.1
1784844264 16.9
1784844265 17.5
1784844266 11.3
1784844267 11.1
1784844268 10.8
1784844269 12.6
1784844270 11.6
1784844271 11.4
1784844272 11.0
1784844273 12.2
1784844274 13.6
1784844275 11.5
1784844276 14.4
1784844277 10.6
1784844278 11.6
1784844279 11.2
1784844280 12.2
1784844281 13.3
1784844283 10.8
1784844284 11.4
1784844285 12.1
1784844286 13.4
1784844287 15.0
1784844288 11.9
1784844289 11.7
1784844290 11.7
1784844291 11.3
1784844292 12.3
1784844293 11.5
1784844294 10.5
1784844295 13.2
1784844296 11.5
1784844297 12.9
1784844298 10.4
1784844299 12.2
1784844300 13.3
1784844301 16.5
1784844302 18.6
1784844303 11.0
1784844304 10.8
1784844305 11.3
1784844306 13.4
1784844307 12.0
1784844308 10.6
1784844309 12.5
1784844310 11.1
1784844311 11.4
1784844312 11.3
1784844313 13.2
1784844314 10.2
1784844315 12.1
1784844316 10.5
1784844317 14.4
1784844318 11.0
1784844319 10.6
1784844320 13.3
1784844321 11.3
1784844322 12.5
1784844323 14.7
1784844324 12.3
1784844325 11.8
1784844326 10.9
1784844327 12.9
1784844328 10.6
1784844329 11.5
1784844330 12.5
1784844331 12.3
1784844332 11.0
1784844333 11.2
1784844334 11.8
1784844335 11.9
1784844336 12.1
1784844337 14.1
1784844338 12.0
1784844339 11.7
1784844340 12.0
1784844341 11.5
1784844342 12.0
1784844343 11.5
1784844344 10.7
1784844345 14.3
1784844346 10.6
1784844347 12.8
1784844348 17.5
1784844349 12.4
1784844350 12.2
1784844351 11.1
1784844352 12.4
1784844353 11.1
1784844354 11.0
1784844355 11.4
1784844356 12.7
1784844357 12.0
1784844358 10.4
1784844359 12.3
1784844360 14.5
1784844361 18.3
1784844362 15.0
1784844363 11.9
1784844364 10.4
1784844365 13.7
1784844366 12.5
1784844367 12.0
1784844368 12.7
1784844369 11.3
1784844370 12.5
1784844371 11.1
1784844372 11.7
1784844373 10.8
1784844374 12.4
1784844375 13.4
1784844376 10.6
1784844377 12.9
1784844378 10.4
1784844379 13.5
1784844380 11.3
1784844381 11.9
1784844382 14.6
1784844383 13.9
1784844384 12.3
1784844385 11.8
1784844386 11.1
1784844387 12.2
1784844388 12.3
1784844389 11.4
1784844390 12.0
1784844391 10.9
1784844392 12.1
1784844393 10.7
1784844394 12.0
1784844395 12.4
1784844396 13.4
1784844397 22.0
1784844398 12.7
1784844399 12.6
1784844400 12.8
1784844401 11.3
1784844402 10.9
1784844403 12.1
1784844404 11.5
1784844405 10.8
1784844406 12.2
1784844407 13.0
1784844408 11.2
1784844409 11.4
1784844410 12.7
1784844411 11.1
1784844412 12.1
1784844413 11.6
1784844414 11.7
1784844415 12.1
1784844416 10.8
1784844417 13.2
1784844418 15.7
1784844419 11.7
1784844420 15.2
1784844421 19.4
1784844422 12.8
1784844423 10.9
1784844424 12.3
1784844425 10.9
1784844426 10.9
1784844427 11.8
1784844428 11.9
1784844429 11.3
1784844430 11.2
1784844431 11.4
1784844432 13.1
1784844433 10.8
1784844434 11.8
1784844435 12.2
1784844436 11.1
1784844437 13.3
1784844438 11.5
1784844439 14.1
1784844440 11.5
1784844441 11.2
1784844442 17.9
1784844443 11.8
1784844444 11.2
1784844445 12.2
1784844446 11.0
1784844447 11.5
1784844448 11.8
1784844449 12.4
1784844450 12.2
1784844451 10.8
1784844452 12.7
1784844453 11.8
1784844454 11.2
1784844455 11.9
1784844456 15.7
1784844457 20.9
1784844458 11.5
1784844459 11.7
1784844460 12.5
1784844461 10.6
1784844462 11.3
1784844463 13.2
1784844464 12.3
1784844465 11.2
1784844466 11.7
1784844467 13.2
1784844468 10.6
1784844469 17.8
1784844470 14.3
1784844471 11.5
1784844472 11.4
1784844473 11.2
1784844474 12.5
1784844475 12.1
1784844476 11.3
1784844477 13.6
1784844478 16.7
1784844479 11.2
1784844480 17.9
1784844481 18.7
1784844482 12.1
1784844483 10.2
1784844484 11.9
1784844485 12.6
1784844486 11.1
1784844487 11.3
1784844488 12.0
1784844489 12.0
1784844490 11.4
1784844491 11.2
1784844492 12.0
1784844493 10.7
1784844494 10.9
1784844495 12.7
1784844496 13.6
1784844497 10.7
1784844499 11.8
1784844500 11.9
1784844501 11.6
1784844502 10.4
1784844503 17.3
1784844504 12.9
1784844505 11.4
1784844506 10.4
1784844507 12.6
1784844508 11.9
1784844509 10.7
1784844510 13.9
1784844511 11.9
1784844512 10.8
1784844513 10.8
1784844514 12.6
1784844515 12.0
1784844516 11.4
1784844517 17.4
1784844518 18.6
1784844519 11.9
1784844520 11.6
1784844521 11.7
1784844522 11.2
1784844523 11.1
1784844524 11.4
1784844525 12.2
1784844526 11.0
1784844527 11.8
1784844528 13.5
1784844529 12.0
1784844530 11.8
1784844531 11.3
1784844532 11.5
1784844533 11.8
1784844534 12.3
1784844535 12.0
1784844536 13.7
1784844537 11.5
1784844538 10.7
1784844539 13.1
1784844540 12.4
1784844541 13.0
1784844542 10.2
1784844543 12.1
1784844544 11.4
1784844545 11.5
1784844546 11.1
1784844547 12.9
1784844548 11.7
1784844549 15.3
1784844550 12.7
1784844551 11.3
1784844552 10.9
1784844553 11.4
1784844554 12.3
1784844555 11.8
1784844556 10.7
1784844557 13.6
1784844558 11.6
1784844559 12.3
1784844560 12.1
1784844561 12.5
1784844562 10.7
1784844563 11.2
1784844564 12.3
1784844565 12.9
1784844566 11.8
1784844567 11.0
1784844568 12.4
1784844569 11.7
1784844570 12.4
1784844571 11.9
1784844572 11.7
1784844573 10.8
1784844574 10.8
1784844575 12.9
1784844576 12.1
1784844577 18.5
1784844578 18.6
1784844579 12.2
1784844580 11.2
1784844581 11.5
1784844582 13.3
1784844583 10.8
1784844584 10.7
1784844585 12.0
1784844586 11.5
1784844587 11.8
1784844588 10.6
1784844589 13.5
1784844590 13.7
1784844591 14.7
1784844592 13.8
1784844593 12.9
1784844594 10.9
1784844595 11.4
1784844596 12.3
1784844597 12.8
1784844598 14.2
1784844599 15.6
1784844600 15.3
1784844601 19.8
1784844602 13.8
1784844603 11.1
1784844604 12.1
1784844605 11.3
1784844606 10.6
1784844607 13.0
1784844608 11.5
1784844609 11.5
1784844610 12.0
1784844611 12.3
1784844612 10.4
1784844613 10.7
1784844614 11.7
1784844615 12.8
1784844616 10.6
1784844617 11.3
1784844618 12.5
1784844619 11.0
1784844620 11.6
1784844621 12.2
1784844622 17.5
1784844623 11.7
1784844624 11.0
1784844625 12.1
1784844626 11.8
1784844627 10.9
1784844628 11.2
1784844629 13.8
1784844630 12.4
1784844631 11.1
1784844632 11.2
1784844633 12.6
1784844634 11.3
1784844635 11.4
1784844636 14.0
1784844637 19.5
1784844638 14.2
1784844639 11.9
1784844640 12.7
1784844641 11.1
1784844642 10.6
1784844643 11.8
1784844644 11.7
1784844645 11.7
1784844646 11.2
1784844647 12.7
1784844648 10.9
1784844649 11.6
1784844650 12.7
1784844651 11.7
1784844652 10.7
1784844653 13.2
1784844654 13.5
1784844655 12.0
1784844656 10.6
1784844657 12.4
1784844658 16.8
1784844659 12.9
1784844660 15.4
1784844661 22.3
1784844662 12.2
1784844663 10.6
1784844664 12.2
1784844665 12.9
1784844666 10.7
1784844667 11.3
1784844668 11.4
1784844669 11.7
1784844670 11.6
1784844671 11.0
1784844672 12.7
1784844673 10.5
1784844674 11.7
1784844675 12.7
1784844676 11.7
1784844677 11.9
1784844678 10.6
1784844679 13.0
1784844680 11.8
1784844681 10.4
1784844682 16.8
1784844683 12.3
1784844684 13.3
1784844685 11.6
1784844686 12.6
1784844687 11.3
1784844688 10.5
1784844689 12.2
1784844690 13.7
1784844691 12.1
1784844692 10.3
1784844693 13.4
1784844694 11.5
1784844695 12.2
1784844696 13.8
1784844697 20.8
1784844698 13.3
1784844699 10.8
1784844700 12.6
1784844701 12.0
1784844702 10.5
1784844703 10.8
1784844704 12.7
1784844705 12.1
1784844706 11.1
1784844707 11.8
1784844708 11.2
1784844710 11.1
1784844711 11.8
1784844712 12.2
1784844713 13.0
1784844714 16.0
1784844715 12.6
1784844716 14.1
1784844717 11.5
1784844718 10.5
1784844719 17.9
1784844720 12.6
1784844721 11.2
1784844722 13.4
1784844723 22.1
1784844724 13.9
1784844725 11.2
1784844726 12.2
1784844727 12.5
1784844728 11.0
1784844729 10.6
1784844730 12.8
1784844731 11.0
1784844732 11.0
1784844733 10.5
1784844734 12.5
1784844735 11.2
1784844736 11.0
1784844737 13.2
1784844738 11.1
1784844739 11.1
1784844740 11.5
1784844741 13.2
1784844742 10.6
1784844743 10.6
1784844744 16.4
1784844745 12.8
1784844746 11.4
1784844747 12.2
1784844748 12.4
1784844749 11.1
1784844750 13.2
1784844751 11.2
1784844752 12.7
1784844753 10.6
1784844754 11.9
1784844755 13.6
1784844756 11.2
1784844757 12.1
1784844758 12.0
1784844759 12.5
1784844760 11.1
1784844761 11.2
1784844762 11.8
1784844763 11.2
1784844764 10.6
1784844765 11.0
1784844766 13.6
1784844767 10.8
1784844768 11.3
1784844769 11.2
1784844770 12.5
1784844771 11.5
1784844772 10.5
1784844773 11.5
1784844774 11.9
1784844775 11.1
1784844776 12.8
1784844777 13.2
1784844778 11.0
1784844779 12.2
1784844780 13.6
1784844781 18.9
1784844782 15.4
1784844783 12.7
1784844784 13.0
1784844785 10.9
1784844786 13.7
1784844787 13.1
1784844788 15.9
1784844789 11.1
1784844790 11.4
1784844791 12.6
1784844792 16.8
1784844793 12.7
1784844794 11.1
1784844795 12.5
1784844796 11.5
1784844797 11.8
1784844798 13.3
1784844799 11.7
1784844800 11.3
1784844801 12.1
1784844802 15.0
1784844803 12.6
1784844804 10.9
1784844805 12.2
1784844806 12.3
1784844807 10.8
1784844808 11.0
1784844809 12.3
1784844810 14.1
1784844811 11.8
1784844812 11.5
1784844813 11.5
1784844814 10.4
1784844815 10.8
1784844816 14.1
1784844817 12.7
1784844818 10.6
1784844819 11.0
1784844820 11.9
1784844821 12.4
1784844822 10.7
1784844823 12.5
1784844824 10.6
1784844825 11.2
1784844826 12.7
1784844827 12.2
1784844828 10.6
1784844829 10.4
1784844830 12.5
1784844831 11.9
1784844832 10.4
1784844833 11.3
1784844834 11.9
1784844835 20.9
1784844836 20.2
1784844837 14.7
1784844838 12.2
1784844839 11.3
1784844840 12.2
1784844841 15.2
1784844842 12.1
1784844843 10.8
1784844844 11.3
1784844845 12.1
1784844846 11.7
1784844847 11.3
1784844848 13.1
1784844849 11.7
1784844850 11.0
1784844851 11.0
1784844852 12.9
1784844853 11.4
1784844854 10.6
1784844855 11.2
1784844856 12.7
1784844857 16.1
1784844858 11.8
1784844859 12.6
1784844860 11.2
1784844861 11.5
1784844862 11.2
1784844863 11.6
1784844864 10.5
1784844865 10.7
1784844866 13.3
1784844867 11.8
1784844868 10.5
1784844869 10.8
1784844870 12.8
1784844871 11.5
1784844872 10.6
1784844873 11.5
1784844874 11.5
1784844875 12.4
1784844876 12.4
1784844877 13.5
1784844878 10.9
1784844879 10.5
1784844880 11.5
1784844881 12.4
1784844882 11.9
1784844883 10.3
1784844884 12.7
1784844885 10.7
1784844886 12.7
1784844887 11.8
1784844888 12.5
1784844889 11.4
1784844890 11.8
1784844891 12.5
1784844892 11.6
1784844893 10.3
1784844894 11.4
1784844895 13.2
1784844896 11.7
1784844897 11.9
1784844898 11.4
1784844899 11.8
1784844900 15.8
1784844901 19.8
1784844902 12.2
1784844903 12.9
1784844904 10.8
1784844905 11.9
1784844906 15.1
1784844907 11.3
1784844908 11.0
1784844909 11.0
1784844910 12.1
1784844911 11.6
1784844912 11.4
1784844913 13.5
1784844914 11.2
1784844915 12.5
1784844916 13.6
1784844917 12.4
1784844918 11.5
1784844919 11.2
1784844920 12.9
1784844922 18.8
1784844923 16.1
1784844924 11.2
1784844925 12.7
1784844926 18.3
1784844927 14.0
1784844928 11.6
1784844929 11.5
1784844930 11.8
1784844931 11.4
1784844932 13.5
1784844933 10.7
1784844934 11.1
1784844935 11.8
1784844936 11.2
1784844937 13.0
1784844938 13.2
1784844939 11.9
1784844940 11.5
1784844941 10.6
1784844942 12.8
1784844943 11.4
1784844944 10.6
1784844945 13.5
1784844946 11.6
1784844947 14.2
1784844948 11.2
1784844949 11.9
1784844950 11.8
1784844951 11.5
1784844952 12.2
1784844953 11.6
1784844954 11.2
1784844955 10.6
1784844956 11.5
1784844957 13.1
1784844958 11.3
1784844959 11.6
1784844960 11.6
1784844961 17.0
1784844962 17.9
1784844963 11.3
1784844964 10.9
1784844965 11.4
1784844966 11.1
1784844967 12.8
1784844968 10.5
1784844969 14.0
1784844970 13.1
1784844971 11.8
1784844972 11.4
1784844973 11.3
1784844974 11.1
1784844975 11.6
1784844976 11.0
1784844977 15.2
1784844978 11.2
1784844979 11.1
1784844980 12.3
1784844981 14.1
1784844982 22.4
1784844983 16.0
1784844984 11.3
1784844985 12.1
1784844986 10.6
1784844987 13.0
1784844988 11.1
1784844989 11.7
1784844990 11.0
1784844991 11.5
1784844992 12.1
1784844993 11.3
1784844994 11.1
1784844995 11.7
1784844996 10.8
1784844997 14.6
1784844998 19.8
1784844999 14.3
1784845000 11.4
1784845001 12.5
1784845002 13.9
1784845003 10.7
1784845004 11.5
1784845005 11.7
1784845006 10.9
1784845007 13.3
1784845008 12.2
1784845009 12.3
1784845010 11.9
1784845011 11.3
1784845012 12.9
1784845013 12.5
1784845014 11.9
1784845015 11.9
1784845016 11.5
1784845017 13.4
1784845018 11.9
1784845019 16.7
1784845020 13.4
1784845021 19.0
1784845022 15.4
1784845023 11.3
1784845024 11.5
1784845025 11.5
1784845026 10.8
1784845027 14.1
1784845028 12.9
1784845029 12.0
1784845030 11.4
1784845031 11.0
1784845032 12.6
1784845033 12.2
1784845034 12.0
1784845035 10.9
1784845036 10.8
1784845037 12.9
1784845038 11.8
1784845039 11.0
1784845040 12.7
1784845041 11.5
1784845042 15.9
1784845043 12.8
1784845044 12.2
1784845045 11.7
1784845046 12.1
1784845047 11.7
1784845048 11.6
1784845049 11.2
1784845050 13.8
1784845051 10.7
1784845052 11.7
1784845053 12.3
1784845054 10.8
1784845055 11.3
1784845056 11.5
1784845057 15.7
1784845058 19.6
1784845059 13.7
1784845060 11.4
1784845061 11.0
1784845062 11.6
1784845063 11.7
1784845064 13.6
1784845065 11.1
1784845066 11.1
1784845067 12.5
1784845068 11.5
1784845069 10.9
1784845070 12.4
1784845071 12.8
1784845072 12.0
1784845073 11.7
1784845074 11.3
1784845075 12.8
1784845076 11.2
1784845077 12.4
1784845078 11.6
1784845079 19.3
1784845080 14.0
1784845081 19.9
1784845082 13.0
1784845083 10.7
1784845084 10.8
1784845085 11.2
1784845086 11.4
1784845087 11.8
1784845088 13.8
1784845089 11.6
1784845090 11.4
1784845091 11.0
1784845092 12.9
1784845093 11.4
1784845094 11.0
1784845095 13.1
1784845096 11.6
1784845097 12.0
1784845098 11.0
1784845099 11.5
1784845100 11.6
1784845101 10.6
1784845102 21.2
1784845103 15.4
1784845104 11.4
1784845105 10.9
1784845106 12.1
1784845107 13.6
1784845108 10.8
1784845109 10.2
1784845110 13.6
1784845111 11.2
1784845112 11.8
1784845113 11.6
1784845114 11.8
1784845115 11.4
1784845116 11.5
1784845117 18.5
1784845118 19.5
1784845119 10.5
1784845120 11.5
1784845121 11.3
1784845122 12.3
1784845123 11.0
1784845124 11.3
1784845125 12.1
1784845126 11.2
1784845127 11.5
1784845128 12.5
1784845129 11.2
1784845131 12.8
1784845132 11.4
1784845133 12.5
1784845134 11.1
1784845135 12.0
1784845136 12.7
1784845137 12.1
1784845138 12.6
1784845139 12.5
1784845140 17.2
1784845141 15.7
1784845142 18.3
1784845143 12.6
1784845144 11.0
1784845145 11.0
1784845146 11.3
1784845147 11.5
1784845148 11.6
1784845149 13.8
1784845150 12.0
1784845151 11.0
1784845152 10.9
1784845153 11.6
1784845154 11.6
1784845155 11.7
1784845156 10.2
1784845157 13.0
1784845158 13.7
1784845159 11.4
1784845160 10.8
1784845161 11.9
1784845162 13.5
1784845163 15.5
1784845164 11.6
1784845165 11.4
1784845166 11.2
1784845167 11.2
1784845168 12.4
1784845169 12.9
1784845170 12.0
1784845171 10.7
1784845172 11.9
1784845173 13.0
1784845174 10.6
1784845175 12.1
1784845176 11.8
1784845177 12.4
1784845178 17.1
1784845179 19.3
1784845180 11.4
1784845181 10.6
1784845182 10.6
1784845183 12.5
1784845184 11.7
1784845185 11.3
1784845186 10.9
1784845187 12.9
1784845188 10.9
1784845189 11.3
1784845190 12.3
1784845191 11.3
1784845192 10.5
1784845193 13.4
1784845194 12.2
1784845195 10.8
1784845196 11.1
1784845197 15.6
1784845198 12.8
1784845199 13.1
1784845200 17.8
1784845201 17.9
1784845202 20.0
1784845203 11.5
1784845204 12.4
1784845205 12.5
1784845206 11.0
1784845207 11.8
1784845208 12.5
1784845209 14.0
1784845210 10.7
1784845211 11.3
1784845212 12.0
1784845213 11.3
1784845214 10.9
1784845215 12.7
1784845216 10.8
1784845217 11.6
1784845218 11.8
1784845219 12.6
1784845220 10.8
1784845221 10.7
1784845222 14.3
1784845223 14.6
1784845224 18.7
1784845225 11.6
1784845226 13.0
1784845227 13.0
1784845228 11.0
1784845229 13.4
1784845230 14.3
1784845231 10.7
1784845232 12.5
1784845233 12.5
1784845234 11.5
1784845235 11.1
1784845236 11.3
1784845237 14.2
1784845238 12.0
1784845239 12.0
1784845240 12.0
1784845241 11.5
1784845242 10.5
1784845243 11.7
1784845244 12.7
1784845245 11.4
1784845246 10.2
1784845247 12.4
1784845248 11.9
1784845249 11.4
1784845250 11.1
1784845251 12.1
1784845252 11.2
1784845253 11.6
1784845254 13.1
1784845255 12.5
1784845256 13.2
1784845257 14.4
1784845258 12.6
1784845259 11.9
1784845260 12.2
1784845261 19.5
1784845262 17.2
1784845263 13.3
1784845264 11.2
1784845265 12.0
1784845266 11.1
1784845267 12.7
1784845268 11.3
1784845269 15.8
1784845270 10.6
1784845271 10.6
1784845272 11.5
1784845273 11.8
1784845274 11.2
1784845275 10.8
1784845276 12.4
1784845277 10.9
1784845278 11.2
1784845279 11.6
1784845280 12.4
1784845281 10.6
1784845282 15.2
1784845283 12.5
1784845284 11.4
1784845285 11.1
1784845286 10.7
1784845287 13.2
1784845288 12.4
1784845289 11.2
1784845290 13.4
1784845291 11.5
1784845292 10.6
1784845293 11.0
1784845294 12.7
1784845295 12.0
1784845296 10.3
1784845297 14.0
1784845298 20.2
1784845299 16.0
1784845300 10.9
1784845301 12.0
1784845302 11.1
1784845303 11.3
1784845304 11.6
1784845305 12.8
1784845306 10.6
1784845307 11.3
1784845308 12.1
1784845309 12.1
1784845310 11.2
1784845311 11.3
1784845312 11.7
1784845313 11.6
1784845314 10.7
1784845315 12.3
1784845316 11.5
1784845317 12.1
1784845318 11.4
1784845319 18.5
1784845320 15.0
1784845321 18.8
1784845322 15.7
1784845323 12.8
1784845324 10.5
1784845325 10.8
1784845326 13.3
1784845327 12.7
1784845328 10.9
1784845329 14.1
1784845330 13.3
1784845331 10.7
1784845332 10.6
1784845333 12.4
1784845334 11.7
1784845335 11.8
1784845336 11.1
1784845337 13.0
1784845338 11.5
1784845339 12.1
1784845341 11.9
1784845342 12.6
1784845343 15.9
1784845344 11.0
1784845345 17.9
1784845346 13.3
1784845347 11.0
1784845348 11.3
1784845349 12.6
1784845350 12.5
1784845351 12.5
1784845352 11.6
1784845353 12.0
1784845354 11.4
1784845355 10.9
1784845356 12.4
1784845357 11.8
1784845358 15.2
1784845359 21.2
1784845360 14.7
1784845361 11.1
1784845362 11.1
1784845363 12.5
1784845364 11.7
1784845365 10.9
1784845366 11.6
1784845367 12.3
1784845368 11.2
1784845369 11.4
1784845370 12.5
1784845371 11.8
1784845372 10.3
1784845373 11.6
1784845374 12.7
1784845375 10.8
1784845376 11.7
1784845377 12.1
1784845378 13.1
1784845379 11.2
1784845380 17.0
1784845381 15.2
1784845382 20.5
1784845383 12.5
1784845384 12.6
1784845385 11.3
1784845386 11.7
1784845387 12.2
1784845388 11.9
1784845389 17.5
1784845390 12.0
1784845391 11.9
1784845392 12.4
1784845393 11.0
1784845394 11.9
1784845395 11.7
1784845396 10.9
1784845397 11.2
1784845398 11.5
1784845399 11.9
1784845400 11.8
1784845401 10.8
1784845402 12.1
1784845403 16.7
1784845404 11.3
1784845405 11.4
1784845406 11.4
1784845407 11.2
1784845408 10.8
1784845409 11.6
1784845410 12.8
1784845411 11.6
1784845412 11.0
1784845413 11.4
1784845414 13.4
1784845415 10.7
1784845416 12.0
1784845417 11.4
1784845418 12.4
1784845419 12.5
1784845420 12.0
1784845421 11.9
1784845422 11.4
1784845423 11.4
1784845424 11.9
1784845425 12.1
1784845426 11.0
1784845427 11.4
1784845428 11.7
1784845429 12.3
1784845430 11.6
1784845431 13.2
1784845432 17.4
1784845433 16.4
1784845434 11.8
1784845435 11.1
1784845436 11.9
1784845437 10.8
1784845438 11.2
1784845439 12.0
1784845440 13.7
1784845441 11.1
1784845442 11.6
1784845443 12.0
1784845444 12.6
1784845445 13.5
1784845446 12.0
1784845447 12.3
1784845448 13.0
1784845449 13.6
1784845450 11.3
1784845451 11.8
1784845452 12.1
1784845453 13.6
1784845454 14.8
1784845455 10.7
1784845456 12.4
1784845457 17.0
1784845458 19.3
1784845459 14.8
1784845460 12.0
1784845461 11.4
1784845462 11.0
1784845463 11.4
1784845464 11.8
1784845465 13.7
1784845466 16.1
1784845467 12.1
1784845468 10.9
1784845469 11.9
1784845470 13.5
1784845471 11.6
1784845472 11.2
1784845473 10.5
1784845474 12.9
1784845475 10.5
1784845476 12.0
1784845477 13.9
1784845478 11.9
1784845479 15.5
1784845480 12.2
1784845481 12.4
1784845482 10.7
1784845483 11.4
1784845484 11.7
1784845485 13.0
1784845486 11.6
1784845487 17.3
1784845488 17.5
1784845489 11.7
1784845490 12.0
1784845491 10.7
1784845492 12.4
1784845493 10.4
1784845494 12.0
1784845495 12.0
1784845496 11.5
1784845497 12.0
1784845498 10.7
1784845499 12.4
1784845500 11.2
1784845501 11.7
1784845502 11.3
1784845503 11.3
1784845504 11.6
1784845505 12.2
1784845506 12.4
1784845507 12.4
1784845508 15.4
1784845509 17.1
1784845510 12.4
1784845511 11.4
1784845512 11.6
1784845513 12.6
1784845514 10.7
1784845515 12.7
1784845516 11.1
1784845517 12.2
1784845518 11.3
1784845519 11.8
1784845520 11.1
1784845521 12.2
1784845522 10.8
1784845523 11.7
1784845524 12.2
1784845525 10.5
1784845526 11.8
1784845527 11.0
1784845528 12.6
1784845529 10.8
1784845530 12.3
1784845531 12.3
1784845532 10.7
1784845533 11.3
1784845534 11.5
1784845535 12.1
1784845536 11.0
1784845537 13.5
1784845538 13.4
1784845539 12.3
1784845540 11.1
1784845541 11.6
1784845542 12.5
1784845543 11.0
1784845544 11.4
1784845545 10.7
1784845546 13.4
1784845547 11.1
1784845548 11.9
1784845549 11.5
1784845550 11.5
1784845551 12.4
1784845552 11.0
1784845554 12.0
1784845555 11.1
1784845556 12.0
1784845557 12.2
1784845558 11.4
1784845559 11.3
1784845560 11.7
1784845561 16.5
1784845562 17.7
1784845563 11.2
1784845564 11.5
1784845565 12.5
1784845566 10.7
1784845567 13.1
1784845568 11.8
1784845569 11.6
1784845570 11.6
1784845571 10.7
1784845572 12.4
1784845573 11.8
1784845574 13.8
1784845575 13.3
1784845576 11.5
1784845577 12.1
1784845578 12.1
1784845579 12.8
1784845580 10.8
1784845581 11.7
1784845582 13.3
1784845583 17.3
1784845584 10.9
1784845585 17.7
1784845586 18.3
1784845587 17.2
1784845588 18.1
1784845589 11.2
1784845590 14.2
1784845591 10.8
1784845592 12.3
1784845593 12.0
1784845594 11.5
1784845595 11.0
1784845596 10.9
1784845597 13.0
1784845598 18.9
1784845599 21.2
1784845600 12.4
1784845601 10.3
1784845602 11.3
1784845603 11.3
1784845604 13.0
1784845605 10.9
1784845606 12.7
1784845607 14.5
1784845608 14.0
1784845609 11.2
1784845610 12.0
1784845611 11.7
1784845612 10.7
1784845613 12.0
1784845614 12.3
1784845615 11.9
1784845616 11.2
1784845617 12.6
1784845618 12.7
1784845619 10.7
1784845620 11.6
1784845621 17.2
1784845622 16.6
1784845623 11.1
1784845624 11.7
1784845625 12.7
1784845626 10.6
1784845627 11.9
1784845628 12.4
1784845629 12.4
1784845630 10.9
1784845631 10.4
1784845632 12.4
1784845633 11.6
1784845634 11.3
1784845635 11.6
1784845636 14.7
1784845637 12.3
1784845638 11.2
1784845639 11.5
1784845640 12.5
1784845641 11.2
1784845642 13.9
1784845643 14.7
1784845644 12.6
1784845645 11.5
1784845646 11.3
1784845647 12.3
1784845648 11.0
1784845649 12.3
1784845650 13.0
1784845651 11.1
1784845652 10.5
1784845653 11.6
1784845654 12.4
1784845655 10.8
1784845656 10.7
1784845657 12.1
1784845658 13.9
1784845659 12.7
1784845660 11.6
1784845661 11.8
1784845662 11.2
1784845663 10.7
1784845664 11.8
1784845665 12.0
1784845666 10.8
1784845667 11.3
1784845668 14.0
1784845669 11.5
1784845670 11.4
1784845671 11.8
1784845672 12.8
1784845673 11.2
1784845674 11.1
1784845675 12.3
1784845676 13.1
1784845677 11.1
1784845678 11.6
1784845679 13.0
1784845680 12.2
1784845681 18.5
1784845682 13.7
1784845683 12.5
1784845684 11.0
1784845685 11.5
1784845686 12.2
1784845687 12.2
1784845688 11.5
1784845689 11.8
1784845690 14.2
1784845691 10.3
1784845692 10.8
1784845693 12.3
1784845694 12.2
1784845695 11.2
1784845696 11.1
1784845697 13.4
1784845698 11.5
1784845699 14.1
1784845700 13.7
1784845701 11.0
1784845702 16.0
1784845703 11.0
1784845704 12.9
1784845705 10.8
1784845706 11.3
1784845707 13.3
1784845708 18.5
1784845709 11.9
1784845710 12.1
1784845711 13.3
1784845712 10.9
1784845713 11.1
1784845714 11.6
1784845715 11.8
1784845716 10.6
1784845717 11.1
1784845718 13.9
1784845719 11.8
1784845720 11.0
1784845721 11.0
1784845722 12.0
1784845723 11.2
1784845724 11.1
1784845725 12.0
1784845726 11.5
1784845727 10.8
1784845728 11.7
1784845729 13.0
1784845730 11.3
1784845731 11.5
1784845732 11.9
1784845733 11.6
1784845734 11.0
1784845735 10.9
1784845736 12.7
1784845737 11.4
1784845738 14.3
1784845739 12.0
1784845740 15.8
1784845741 18.6
1784845742 13.1
1784845743 12.3
1784845744 12.1
1784845745 10.7
1784845746 11.4
1784845747 12.8
1784845748 11.3
1784845749 11.3
1784845750 11.9
1784845751 12.2
1784845752 11.0
1784845753 11.8
1784845754 13.0
1784845755 11.4
1784845756 10.5
1784845757 11.3
1784845758 13.0
1784845759 13.4
1784845760 11.1
1784845761 12.2
1784845762 17.8
1784845763 11.5
1784845764 18.2
1784845766 14.0
1784845767 11.0
1784845768 10.4
1784845769 13.2
1784845770 12.6
1784845771 12.9
1784845772 10.5
1784845773 12.5
1784845774 10.9
1784845775 13.0
1784845776 11.0
1784845777 12.5
1784845778 10.9
1784845779 11.9
1784845780 13.5
1784845781 10.3
1784845782 10.4
1784845783 10.7
1784845784 12.9
1784845785 11.5
1784845786 10.1
1784845787 13.4
1784845788 10.5
1784845789 11.6
1784845790 11.8
1784845791 12.9
1784845792 10.4
1784845793 11.2
1784845794 11.3
1784845795 15.7
1784845796 11.0
1784845797 11.4
1784845798 12.6
1784845799 11.2
1784845800 11.7
1784845801 16.5
1784845802 19.4
1784845803 10.7
1784845804 11.1
1784845805 13.9
1784845806 11.4
1784845807 11.5
1784845808 10.5
1784845809 13.7
1784845810 11.8
1784845811 10.7
1784845812 12.5
1784845813 11.2
1784845814 11.0
1784845815 11.9
1784845816 12.7
1784845817 11.5
1784845818 10.7
1784845819 13.2
1784845820 12.3
1784845821 11.0
1784845822 11.7
1784845823 16.2
1784845824 10.8
1784845825 13.7
1784845826 12.8
1784845827 13.1
1784845828 10.3
1784845829 11.3
1784845830 18.0
1784845831 14.4
1784845832 10.5
1784845833 12.3
1784845834 13.2
1784845835 11.3
1784845836 10.4
1784845837 13.6
1784845838 11.6
1784845839 11.4
1784845840 11.1
1784845841 12.8
1784845842 11.2
1784845843 10.6
1784845844 11.9
1784845845 12.3
1784845846 10.5
1784845847 11.3
1784845848 12.8
1784845849 12.1
1784845850 11.2
1784845851 11.0
1784845852 11.6
1784845853 11.0
1784845854 10.9
1784845855 13.6
1784845856 11.0
1784845857 11.4
1784845858 10.4
1784845859 13.3
1784845860 13.8
1784845861 17.6
1784845862 16.7
1784845863 11.3
1784845864 11.0
1784845865 11.8
1784845866 12.2
1784845867 12.7
1784845868 10.6
1784845869 12.4
1784845870 12.3
1784845871 11.0
1784845872 10.4
1784845873 13.3
1784845874 11.5
1784845875 11.9
1784845876 10.8
1784845877 12.7
1784845878 10.6
1784845879 12.0
1784845880 12.9
1784845881 11.6
1784845882 14.3
1784845883 12.4
1784845884 12.8
1784845885 11.4
1784845886 12.5
1784845887 12.1
1784845888 11.2
1784845889 10.9
1784845890 12.5
1784845891 14.0
1784845892 10.3
1784845893 10.7
1784845894 12.2
1784845895 12.2
1784845896 10.2
1784845897 11.3
1784845898 15.1
1784845899 19.2
1784845900 15.5
1784845901 11.1
1784845902 12.9
1784845903 11.8
1784845904 10.8
1784845905 12.9
1784845906 11.2
1784845907 11.6
1784845908 10.7
1784845909 12.9
1784845910 12.1
1784845911 10.6
1784845912 11.5
1784845913 11.7
1784845914 10.7
1784845915 12.3
1784845916 12.5
1784845917 11.6
1784845918 10.6
1784845919 11.6
1784845920 12.9
1784845921 10.5
1784845922 10.9
1784845923 13.4
1784845924 11.2
1784845925 12.3
1784845926 10.9
1784845927 13.5
1784845928 11.2
1784845929 10.8
1784845930 18.3
1784845931 13.1
1784845932 10.2
1784845933 11.0
1784845934 12.4
1784845935 11.6
1784845936 10.6
1784845937 12.6
1784845938 10.8
1784845939 10.8
1784845940 12.4
1784845941 12.4
1784845942 10.2
1784845943 10.9
1784845944 11.6
1784845945 12.7
1784845946 12.5
1784845947 11.4
1784845948 12.0
1784845949 11.3
1784845950 13.9
1784845951 17.7
1784845952 11.5
1784845953 10.9
1784845954 10.9
1784845955 13.5
1784845956 11.4
1784845957 12.8
1784845958 12.0
1784845959 12.4
1784845960 11.7
1784845961 10.8
1784845962 11.6
1784845963 11.4
1784845964 11.6
1784845965 12.5
1784845966 11.1
1784845967 12.1
1784845968 11.3
1784845969 12.1
1784845970 12.8
1784845971 10.8
1784845972 10.4
1784845973 11.7
1784845974 10.8
1784845975 12.9
1784845976 11.4
1784845977 12.5
1784845979 10.1
1784845980 11.1
1784845981 17.7
1784845982 18.2
1784845983 10.3
1784845984 11.3
1784845985 11.1
1784845986 12.7
1784845987 11.0
1784845988 12.4
1784845989 12.7
1784845990 13.7
1784845991 12.8
1784845992 11.5
1784845993 11.7
1784845994 10.9
1784845995 12.3
1784845996 12.4
1784845997 11.9
1784845998 10.7
1784845999 11.6
1784846000 11.5
1784846001 11.6
1784846002 12.5
1784846003 15.7
1784846004 11.2
1784846005 10.8
1784846006 12.7
1784846007 12.7
1784846008 10.5
1784846009 13.8
1784846010 12.4
1784846011 12.6
1784846012 10.6
1784846013 11.8
1784846014 11.3
1784846015 10.7
1784846016 11.9
1784846017 12.2
1784846018 11.5
1784846019 11.4
1784846020 12.9
1784846021 13.4
1784846022 11.2
1784846023 10.4
1784846024 12.3
1784846025 11.5
1784846026 11.5
1784846027 12.7
1784846028 12.6
1784846029 10.7
1784846030 11.2
1784846031 13.1
1784846032 12.2
1784846033 11.1
1784846034 11.5
1784846035 11.5
1784846036 13.1
1784846037 11.6
1784846038 11.8
1784846039 11.2
1784846040 11.5
1784846041 18.2
1784846042 17.1
1784846043 11.3
1784846044 10.8
1784846045 12.1
1784846046 12.9
1784846047 11.2
1784846048 11.4
1784846049 11.8
1784846050 11.4
1784846051 11.5
1784846052 13.4
1784846053 11.1
1784846054 10.7
1784846055 11.1
1784846056 12.5
1784846057 12.1
1784846058 10.7
1784846059 13.2
1784846060 11.0
1784846061 11.9
1784846062 13.9
1784846063 14.1
1784846064 12.6
1784846065 12.1
1784846066 12.8
1784846067 11.0
1784846068 11.0
1784846069 12.4
1784846070 12.9
1784846071 12.1
1784846072 10.8
1784846073 17.7
1784846074 12.4
1784846075 11.6
1784846076 11.7
1784846077 12.2
1784846078 11.6
1784846079 12.1
1784846080 12.3
1784846081 12.2
1784846082 11.5
1784846083 10.7
1784846084 13.1
1784846085 10.8
1784846086 12.0
1784846087 12.0
1784846088 11.3
1784846089 11.2
1784846090 12.9
1784846091 13.1
1784846092 11.9
1784846093 11.2
1784846094 10.6
1784846095 12.5
1784846096 12.1
1784846097 12.5
1784846098 11.2
1784846099 11.5
1784846100 12.9
1784846101 19.8
1784846102 15.0
1784846103 10.3
1784846104 11.3
1784846105 12.2
1784846106 12.3
1784846107 11.6
1784846108 10.7
1784846109 11.2
1784846110 11.8
1784846111 11.8
1784846112 11.1
1784846113 11.1
1784846114 10.6
1784846115 12.7
1784846116 12.3
1784846117 12.4
1784846118 11.3
1784846119 10.5
1784846120 12.2
1784846121 11.2
1784846122 17.5
1784846123 11.3
1784846124 11.3
1784846125 10.8
1784846126 12.6
1784846127 12.3
1784846128 10.8
1784846129 13.3
1784846130 12.6
1784846131 12.1
1784846132 10.8
1784846133 11.3
1784846134 11.4
1784846135 11.7
1784846136 12.1
1784846137 12.1
1784846138 12.9
1784846139 11.1
1784846140 11.6
1784846141 12.3
1784846142 11.6
1784846143 10.8
1784846144 11.1
1784846145 12.7
1784846146 12.8
1784846147 12.1
1784846148 11.0
1784846149 11.7
1784846150 11.4
1784846151 12.1
1784846152 11.5
1784846153 12.4
1784846154 11.1
1784846155 11.6
1784846156 12.8
1784846157 11.8
1784846158 11.3
1784846159 11.9
1784846160 14.7
1784846161 20.4
1784846162 11.4
1784846163 11.5
1784846164 10.5
1784846165 12.6
1784846166 12.2
1784846167 12.6
1784846168 10.7
1784846169 12.3
1784846170 11.8
1784846171 13.0
1784846172 15.7
1784846173 11.9
1784846174 11.4
1784846175 10.8
1784846176 11.5
1784846177 12.6
1784846178 10.2
1784846179 11.2
1784846180 14.1
1784846181 11.9
1784846182 16.0
1784846183 10.7
1784846184 12.4
1784846185 11.3
1784846186 10.8
1784846187 14.2
1784846188 10.8
1784846189 13.1
1784846190 11.5
1784846191 13.1
1784846193 11.8
1784846194 11.0
1784846195 16.0
1784846196 15.2
1784846197 11.0
1784846198 12.5
1784846199 13.5
1784846200 18.3
1784846201 15.4
1784846202 11.2
1784846203 12.7
1784846204 10.8
1784846205 10.9
1784846206 12.4
1784846207 12.2
1784846208 11.6
1784846209 10.7
1784846210 13.4
1784846211 10.7
1784846212 12.4
1784846213 11.9
1784846214 11.1
1784846215 10.9
1784846216 11.0
1784846217 12.6
1784846218 12.1
1784846219 11.6
1784846220 11.5
1784846221 12.1
1784846222 11.3
1784846223 11.9
1784846224 11.9
1784846225 11.5
1784846226 12.5
1784846227 11.4
1784846228 13.5
1784846229 10.4
1784846230 11.4
1784846231 16.2
1784846232 13.9
1784846233 10.8
1784846234 10.6
1784846235 11.8
1784846236 11.5
1784846237 11.5
1784846238 12.3
1784846239 12.1
1784846240 11.7
1784846241 10.2
1784846242 13.5
1784846243 12.4
1784846244 11.8
1784846245 10.9
1784846246 12.6
1784846247 13.1
1784846248 11.0
1784846249 12.0
1784846250 14.7
1784846251 12.2
1784846252 11.8
1784846253 12.7
1784846254 11.1
1784846255 10.9
1784846256 12.0
1784846257 12.4
1784846258 11.4
1784846259 11.5
1784846260 12.7
1784846261 12.0
1784846262 11.6
1784846263 12.0
1784846264 11.6
1784846265 10.9
1784846266 11.2
1784846267 12.8
1784846268 12.1
1784846269 10.8
1784846270 11.5
1784846271 12.2
1784846272 11.3
1784846273 10.9
1784846274 12.4
1784846275 13.0
1784846276 11.6
1784846277 12.4
1784846278 12.6
1784846279 11.0
1784846280 11.7
1784846281 19.0
1784846282 15.6
1784846283 12.4
1784846284 10.8
1784846285 11.9
1784846286 12.0
1784846287 12.1
1784846288 11.9
1784846289 12.9
1784846290 11.9
1784846291 10.5
1784846292 12.6
1784846293 12.0
1784846294 11.2
1784846295 11.0
1784846296 12.6
1784846297 11.2
1784846298 10.9
1784846299 12.6
1784846300 11.8
1784846301 10.3
1784846302 15.0
1784846303 14.8
1784846304 12.7
1784846305 11.1
1784846306 13.5
1784846307 13.4
1784846308 12.0
1784846309 10.9
1784846310 16.1
1784846311 11.3
1784846312 11.0
1784846313 12.1
1784846314 13.7
1784846315 12.3
1784846316 16.0
1784846317 13.5
1784846318 13.9
1784846319 11.4
1784846320 11.5
1784846321 11.4
1784846322 11.6
1784846323 10.8
1784846324 10.8
1784846325 12.9
1784846326 10.6
1784846327 11.4
1784846328 12.2
1784846329 11.5
1784846330 11.0
1784846331 10.7
1784846332 13.2
1784846333 11.5
1784846334 10.3
1784846335 12.0
1784846336 12.3
1784846337 12.7
1784846338 11.1
1784846339 11.7
1784846340 13.6
1784846341 18.6
1784846342 14.2
1784846343 12.2
1784846344 12.2
1784846345 10.7
1784846346 12.3
1784846347 13.0
1784846348 11.3
1784846349 12.3
1784846350 12.4
1784846351 10.5
1784846352 10.8
1784846353 11.7
1784846354 13.0
1784846355 11.1
1784846356 10.8
1784846357 13.1
1784846358 12.5
1784846359 10.7
1784846360 12.3
1784846361 12.0
1784846362 17.2
1784846363 10.8
1784846364 12.4
1784846365 11.6
1784846366 11.0
1784846367 12.1
1784846368 12.7
1784846369 13.8
1784846370 13.4
1784846371 11.7
1784846372 12.3
1784846373 11.1
1784846374 11.3
1784846375 12.1
1784846376 11.0
1784846377 12.3
1784846378 13.5
1784846379 12.4
1784846380 11.9
1784846381 11.3
1784846382 13.3
1784846383 11.0
1784846384 11.1
1784846385 11.8
1784846386 12.1
1784846387 12.3
1784846388 11.7
1784846389 12.1
1784846390 11.6
1784846391 10.6
1784846392 12.1
1784846393 12.5
1784846394 10.6
1784846395 12.2
1784846396 11.5
1784846397 12.2
1784846398 10.9
1784846399 11.1
1784846400 16.6
1784846401 18.0
1784846402 13.4
1784846403 10.8
1784846405 11.9
1784846406 10.8
1784846407 12.5
1784846408 12.7
1784846409 12.0
1784846410 12.1
1784846411 11.3
1784846412 11.8
1784846413 11.0
1784846414 12.1
1784846415 11.7
1784846416 11.2
1784846417 11.4
1784846418 11.3
1784846419 12.2
1784846420 11.3
1784846421 11.5
1784846422 10.9
1784846423 16.9
1784846424 11.6
1784846425 11.9
1784846426 11.4
1784846427 11.2
1784846428 11.1
1784846429 12.0
1784846430 13.6
1784846431 13.1
1784846432 11.2
1784846433 11.7
1784846434 13.4
1784846435 11.3
1784846436 11.0
1784846437 12.9
1784846438 17.6
1784846439 13.2
1784846440 18.2
1784846441 14.3
1784846442 10.5
1784846443 12.3
1784846444 18.2
1784846445 14.3
1784846446 10.7
1784846447 12.0
1784846448 12.1
1784846449 11.3
1784846450 11.8
1784846451 11.1
1784846452 11.8
1784846453 11.1
1784846454 11.4
1784846455 12.8
1784846456 11.1
1784846457 11.7
1784846458 11.9
1784846459 12.5
1784846460 12.1
1784846461 17.5
1784846462 16.6
1784846463 11.2
1784846464 10.7
1784846465 13.4
1784846466 11.8
1784846467 10.9
1784846468 12.0
1784846469 11.3
1784846470 12.8
1784846471 11.0
1784846472 12.5
1784846473 12.6
1784846474 10.9
1784846475 11.8
1784846476 12.0
1784846477 12.5
1784846478 11.0
1784846479 12.2
1784846480 13.0
1784846481 10.8
1784846482 13.2
1784846483 14.9
1784846484 12.7
1784846485 11.4
1784846486 11.1
1784846487 12.1
1784846488 12.1
1784846489 11.2
1784846490 14.1
1784846491 12.6
1784846492 10.4
1784846493 12.1
1784846494 11.1
1784846495 12.8
1784846496 11.9
1784846497 12.6
1784846498 12.7
1784846499 13.0
1784846500 22.6
1784846501 22.2
1784846502 11.8
1784846503 12.9
1784846504 12.8
1784846505 18.7
1784846506 11.1
1784846507 12.4
1784846508 11.1
1784846509 12.1
1784846510 11.4
1784846511 11.4
1784846512 11.2
1784846513 12.3
1784846514 11.7
1784846515 11.5
1784846516 12.2
1784846517 11.8
1784846518 11.8
1784846519 12.3
1784846520 12.0
1784846521 10.8
1784846522 12.0
1784846523 12.4
1784846524 12.0
1784846525 11.5
1784846526 11.0
1784846527 12.8
1784846528 11.3
1784846529 11.8
1784846530 13.4
1784846531 15.6
1784846532 13.4
1784846533 13.2
1784846534 11.4
1784846535 12.1
1784846536 13.6
1784846537 13.5
1784846538 11.7
1784846539 10.8
1784846540 11.7
1784846541 14.7
1784846542 11.3
1784846543 11.2
1784846544 11.4
1784846545 12.1
1784846546 11.2
1784846547 11.9
1784846548 11.3
1784846549 12.2
1784846550 14.4
1784846551 11.5
1784846552 11.1
1784846553 11.9
1784846554 12.1
1784846555 12.0
1784846556 11.6
1784846557 11.0
1784846558 11.4
1784846559 13.0
1784846560 12.2
1784846561 12.7
1784846562 11.1
1784846563 11.9
1784846564 11.2
1784846565 20.0
1784846566 12.4
1784846567 11.9
1784846568 12.4
1784846569 12.4
1784846570 12.1
1784846571 11.6
1784846572 11.8
1784846573 11.4
1784846574 11.9
1784846575 11.6
1784846576 11.9
1784846577 12.0
1784846578 11.8
1784846579 11.6
1784846580 14.6
1784846581 19.7
1784846582 11.6
1784846583 12.0
1784846584 10.7
1784846585 13.0
1784846586 10.7
1784846587 12.1
1784846588 11.7
1784846589 12.3
1784846590 12.3
1784846591 14.1
1784846592 13.3
1784846593 12.2
1784846594 11.5
1784846595 12.3
1784846596 13.9
1784846597 13.4
1784846598 11.1
1784846599 12.7
1784846600 12.3
1784846601 14.0
1784846602 16.8
1784846603 12.2
1784846604 12.0
1784846605 11.8
1784846606 11.3
1784846607 12.2
1784846608 11.7
1784846609 11.5
1784846610 12.7
1784846611 11.8
1784846612 10.4
1784846613 13.9
1784846614 11.6
1784846615 12.0
1784846616 11.5
1784846618 12.2
1784846619 12.3
1784846620 14.2
1784846621 19.9
1784846622 14.7
1784846623 11.2
1784846624 12.0
1784846625 11.2
1784846626 14.2
1784846627 10.6
1784846628 11.9
1784846629 11.9
1784846630 11.8
1784846631 11.0
1784846632 11.4
1784846633 11.3
1784846634 13.1
1784846635 11.7
1784846636 11.8
1784846637 12.3
1784846638 11.5
1784846639 11.9
1784846640 11.9
1784846641 11.5
1784846642 11.5
1784846643 10.6
1784846644 12.1
1784846645 10.8
1784846646 13.1
1784846647 11.7
1784846648 11.3
1784846649 11.8
1784846650 11.3
1784846651 11.9
1784846652 17.3
1784846653 11.2
1784846654 11.4
1784846655 11.9
1784846656 11.1
1784846657 13.5
1784846658 11.4
1784846659 11.8
1784846660 11.6
1784846661 10.8
1784846662 15.3
1784846663 10.6
1784846664 12.0
1784846665 12.0
1784846666 11.7
1784846667 11.7
1784846668 10.4
1784846669 12.6
1784846670 12.5
1784846671 11.7
1784846672 10.7
1784846673 12.6
1784846674 13.2
1784846675 10.6
1784846676 11.7
1784846677 11.7
1784846678 11.8
1784846679 11.2
1784846680 18.1
1784846681 19.9
1784846682 12.0
1784846683 11.5
1784846684 11.7
1784846685 11.3
1784846686 12.4
1784846687 18.9
1784846688 12.4
1784846689 11.8
1784846690 11.5
1784846691 12.2
1784846692 11.5
1784846693 11.3
1784846694 11.9
1784846695 11.8
1784846696 13.4
1784846697 10.9
1784846698 12.8
1784846699 10.3
1784846700 12.9
1784846701 11.5
1784846702 11.5
1784846703 12.2
1784846704 10.7
1784846705 12.2
1784846706 10.9
1784846707 11.8
1784846708 11.2
1784846709 12.5
1784846710 11.9
1784846711 11.5
1784846712 17.7
1784846713 11.8
1784846714 11.6
1784846715 11.0
1784846716 11.7
1784846717 11.9
1784846718 11.3
1784846719 11.8
1784846720 12.7
1784846721 11.6
1784846722 10.8
1784846723 12.6
1784846724 10.7
1784846725 11.6
1784846726 12.6
1784846727 13.7
1784846728 11.5
1784846729 10.6
1784846730 13.3
1784846731 11.7
1784846732 11.6
1784846733 12.9
1784846734 12.4
1784846735 11.7
1784846736 10.4
1784846737 13.0
1784846738 11.5
1784846739 12.8
1784846740 17.0
1784846741 19.8
1784846742 11.2
1784846743 11.0
1784846744 11.8
1784846745 11.7
1784846746 10.9
1784846747 12.6
1784846748 12.1
1784846749 10.8
1784846750 12.5
1784846751 12.3
1784846752 12.3
1784846753 12.2
1784846754 11.1
1784846755 12.2
1784846756 11.3
1784846757 12.3
1784846758 10.7
1784846759 13.6
1784846760 11.5
1784846761 10.6
1784846762 12.3
1784846763 11.9
1784846764 11.5
1784846765 11.0
1784846766 11.9
1784846767 12.2
1784846768 11.7
1784846769 12.1
1784846770 11.5
1784846771 12.2
1784846772 15.8
1784846773 12.3
1784846774 10.6
1784846775 11.6
1784846776 10.7
1784846777 11.8
1784846778 11.4
1784846779 11.3
1784846780 12.5
1784846781 11.0
1784846782 12.8
1784846783 11.5
1784846784 11.7
1784846785 10.8
1784846786 11.5
1784846787 12.4
1784846788 11.4
1784846789 12.3
1784846790 12.1
1784846791 12.1
1784846792 11.0
1784846793 11.9
1784846794 13.6
1784846795 12.9
1784846796 10.6
1784846797 12.4
1784846798 15.9
1784846799 16.1
1784846800 18.2
1784846801 16.6
1784846802 14.4
1784846803 16.9
1784846804 11.3
1784846805 11.2
1784846806 12.0
1784846807 12.1
1784846808 11.0
1784846809 13.2
1784846810 11.4
1784846811 11.8
1784846812 11.1
1784846813 13.0
1784846814 12.9
1784846815 11.2
1784846816 12.2
1784846817 12.8
1784846818 12.3
1784846819 11.1
1784846820 12.2
1784846821 12.1
1784846822 11.5
1784846823 11.7
1784846824 11.3
1784846825 12.2
1784846826 10.7
1784846827 13.0
1784846828 11.3
1784846829 11.3
1784846831 11.5
1784846832 14.4
1784846833 15.4
1784846834 10.9
1784846835 11.7
1784846836 10.6
1784846837 11.3
1784846838 11.5
1784846839 12.1
1784846840 12.0
1784846841 10.8
1784846842 12.1
1784846843 10.6
1784846844 12.1
1784846845 11.1
1784846846 12.9
1784846847 11.3
1784846848 11.4
1784846849 11.9
1784846850 13.4
1784846851 11.1
1784846852 11.1
1784846853 13.5
1784846854 11.9
1784846855 12.8
1784846856 11.4
1784846857 12.6
1784846858 11.2
1784846859 11.1
1784846860 21.6
1784846861 11.5
1784846862 11.3
1784846863 11.3
1784846864 18.5
1784846865 13.7
1784846866 10.9
1784846867 12.2
1784846868 11.3
1784846869 11.6
1784846870 11.3
1784846871 12.1
1784846872 11.3
1784846873 11.0
1784846874 12.0
1784846875 11.6
1784846876 12.2
1784846877 11.3
1784846878 14.3
1784846879 13.5
1784846880 10.8
1784846881 17.3
1784846882 16.7
1784846883 12.2
1784846884 11.2
1784846885 12.1
1784846886 11.6
1784846887 11.6
1784846888 11.1
1784846889 13.5
1784846890 13.0
1784846891 13.9
1784846892 12.1
1784846893 11.7
1784846894 11.9
1784846895 11.4
1784846896 12.2
1784846897 11.8
1784846898 13.4
1784846899 11.5
1784846900 11.5
1784846901 11.1
1784846902 13.0
1784846903 14.2
1784846904 12.3
1784846905 11.8
1784846906 10.6
1784846907 12.2
1784846908 11.7
1784846909 11.1
1784846910 13.2
1784846911 10.9
1784846912 12.6
1784846913 11.6
1784846914 12.7
1784846915 13.4
1784846916 10.7
1784846917 12.5
1784846918 11.9
1784846919 13.5
1784846920 11.8
1784846921 11.9
1784846922 11.4
1784846923 12.2
1784846924 15.5
1784846925 17.6
1784846926 11.7
1784846927 11.1
1784846928 11.6
1784846929 11.5
1784846930 12.3
1784846931 10.6
1784846932 12.5
1784846933 11.5
1784846934 11.5
1784846935 11.6
1784846936 11.6
1784846937 12.5
1784846938 11.2
1784846939 12.4
1784846940 12.4
1784846941 18.9
1784846942 14.5
1784846943 13.9
1784846944 12.2
1784846945 10.9
1784846946 12.8
1784846947 12.7
1784846948 11.9
1784846949 11.6
1784846950 14.3
1784846951 11.6
1784846952 11.1
1784846953 11.7
1784846954 13.0
1784846955 12.5
1784846956 11.1
1784846957 11.8
1784846958 11.9
1784846959 11.9
1784846960 11.6
1784846961 11.2
1784846962 16.1
1784846963 11.0
1784846964 12.3
1784846965 11.3
1784846966 11.0
1784846967 11.1
1784846968 12.1
1784846969 11.8
1784846970 11.9
1784846971 11.4
1784846972 12.3
1784846973 10.8
1784846974 12.5
1784846975 14.7
1784846976 11.5
1784846977 11.6
1784846978 12.0
1784846979 11.7
1784846980 12.4
1784846981 12.0
1784846982 12.0
1784846983 12.0
1784846984 11.6
1784846985 11.5
1784846986 12.7
1784846987 11.9
1784846988 11.0
1784846989 12.1
1784846990 12.6
1784846991 10.5
1784846992 10.7
1784846993 12.3
1784846994 11.6
1784846995 10.8
1784846996 11.9
1784846997 12.4
1784846998 11.3
1784846999 11.8
1784847000 13.4
1784847001 19.0
1784847002 13.6
1784847003 10.7
1784847004 12.8
1784847005 11.9
1784847006 11.7
1784847007 12.4
1784847008 13.1
1784847009 10.8
1784847010 11.2
1784847011 12.3
1784847012 11.3
1784847013 12.3
1784847014 11.6
1784847015 12.2
1784847016 10.9
1784847017 11.7
1784847018 11.6
1784847019 12.3
1784847020 10.6
1784847021 10.7
1784847022 17.6
1784847023 11.6
1784847024 11.5
1784847025 11.0
1784847026 11.9
1784847027 11.4
1784847028 11.0
1784847029 13.0
1784847030 12.9
1784847031 10.5
1784847032 11.4
1784847033 11.5
1784847034 12.3
1784847035 10.9
1784847036 14.2
1784847037 14.2
1784847038 10.9
1784847039 12.1
1784847041 13.0
1784847042 10.8
1784847043 11.1
1784847044 11.2
1784847045 14.6
1784847046 16.7
1784847047 11.7
1784847048 12.8
1784847049 12.3
1784847050 11.9
1784847051 11.7
1784847052 11.6
1784847053 11.2
1784847054 10.7
1784847055 12.9
1784847056 12.2
1784847057 11.3
1784847058 11.5
1784847059 11.6
1784847060 12.4
1784847061 13.9
1784847062 19.4
1784847063 13.0
1784847064 10.7
1784847065 12.3
1784847066 11.4
1784847067 12.0
1784847068 10.8
1784847069 11.4
1784847070 13.5
1784847071 12.0
1784847072 11.5
1784847073 11.5
1784847074 12.3
1784847075 11.9
1784847076 12.0
1784847077 13.0
1784847078 11.3
1784847079 11.0
1784847080 13.2
1784847081 11.4
1784847082 10.6
1784847083 16.7
1784847084 11.4
1784847085 11.9
1784847086 10.4
1784847087 12.1
1784847088 11.7
1784847089 10.6
1784847090 13.7
1784847091 11.4
1784847092 10.7
1784847093 10.4
1784847094 11.0
1784847095 13.0
1784847096 10.2
1784847097 14.4
1784847098 11.1
1784847099 11.9
1784847100 12.9
1784847101 18.1
1784847102 17.4
1784847103 12.4
1784847104 10.7
1784847105 12.9
1784847106 11.8
1784847107 11.7
1784847108 10.9
1784847109 13.4
1784847110 11.8
1784847111 11.0
1784847112 11.2
1784847113 13.3
1784847114 10.6
1784847115 13.0
1784847116 10.9
1784847117 12.9
1784847118 10.4
1784847119 11.4
1784847120 12.9
1784847121 10.8
1784847122 10.8
1784847123 10.9
1784847124 11.8
1784847125 11.9
1784847126 11.2
1784847127 14.8
1784847128 14.0
1784847129 11.6
1784847130 12.2
1784847131 11.9
1784847132 10.8
1784847133 11.3
1784847134 10.7
1784847135 14.8
1784847136 10.3
1784847137 12.4
1784847138 11.8
1784847139 10.8
1784847140 12.8
1784847141 10.7
1784847142 13.1
1784847143 12.1
1784847144 12.0
1784847145 12.3
1784847146 11.8
1784847147 11.3
1784847148 11.2
1784847149 12.4
1784847150 12.9
1784847151 11.4
1784847152 10.8
1784847153 11.5
1784847154 10.7
1784847155 12.1
1784847156 12.3
1784847157 20.4
1784847158 11.2
1784847159 13.7
1784847160 12.9
1784847161 19.1
1784847162 11.5
1784847163 12.1
1784847164 10.8
1784847165 12.7
1784847166 12.3
1784847167 12.8
1784847168 10.8
1784847169 13.1
1784847170 12.8
1784847171 12.5
1784847172 12.2
1784847173 11.7
1784847174 12.3
1784847175 12.2
1784847176 11.5
1784847177 12.7
1784847178 11.2
1784847179 11.4
1784847180 12.1
1784847181 13.5
1784847182 19.8
1784847183 13.3
1784847184 11.2
1784847185 12.6
1784847186 11.7
1784847187 12.1
1784847188 11.8
1784847189 11.1
1784847190 12.6
1784847191 11.5
1784847192 11.6
1784847193 10.7
1784847194 11.2
1784847195 13.0
1784847196 11.4
1784847197 12.5
1784847198 12.5
1784847199 12.0
1784847200 11.8
1784847201 11.2
1784847202 11.2
1784847203 16.7
1784847204 11.7
1784847205 13.3
1784847206 11.7
1784847207 11.2
1784847208 11.3
1784847209 12.0
1784847210 13.7
1784847211 11.1
1784847212 11.0
1784847213 11.2
1784847214 11.3
1784847215 12.7
1784847216 11.2
1784847217 17.1
1784847218 15.1
1784847219 14.3
1784847220 14.4
1784847221 22.8
1784847222 20.1
1784847223 10.6
1784847224 11.1
1784847225 12.6
1784847226 10.8
1784847227 11.8
1784847228 11.0
1784847229 13.5
1784847230 11.8
1784847231 11.3
1784847232 11.3
1784847233 11.4
1784847234 10.5
1784847235 13.6
1784847236 12.5
1784847237 11.4
1784847238 11.1
1784847239 11.7
1784847240 13.5
1784847241 11.2
1784847242 11.2
1784847243 11.1
1784847244 11.2
1784847245 12.7
1784847246 12.7
1784847247 12.9
1784847248 10.6
1784847249 11.6
1784847250 12.5
1784847252 11.3
1784847253 16.4
1784847254 12.0
1784847255 11.5
1784847256 11.5
1784847257 10.8
1784847258 11.7
1784847259 11.3
1784847260 11.1
1784847261 12.8
1784847262 11.3
1784847263 11.2
1784847264 11.3
1784847265 11.8
1784847266 12.0
1784847267 11.6
1784847268 12.0
1784847269 13.3
1784847270 12.8
1784847271 11.8
1784847272 11.5
1784847273 11.6
1784847274 12.3
1784847275 12.1
1784847276 12.6
1784847277 13.0
1784847278 11.6
1784847279 11.8
1784847280 11.4
1784847281 18.6
1784847282 19.8
1784847283 21.3
1784847284 11.8
1784847285 11.3
1784847286 12.0
1784847287 18.1
1784847288 13.1
1784847289 11.2
1784847290 11.8
1784847291 18.8
1784847292 13.9
1784847293 13.1
1784847294 11.5
1784847295 15.6
1784847296 16.2
1784847297 11.9
1784847298 11.7
1784847299 11.4
1784847300 12.0
1784847301 12.2
1784847302 11.1
1784847303 11.4
1784847304 11.5
1784847305 11.5
1784847306 11.3
1784847307 11.7
1784847308 16.3
1784847309 12.7
1784847310 11.4
1784847311 11.6
1784847312 11.2
1784847313 11.3
1784847314 11.5
1784847315 11.5
1784847316 11.8
1784847317 11.5
1784847318 11.2
1784847319 11.7
1784847320 11.8
1784847321 11.9
1784847322 11.2
1784847323 10.9
1784847324 12.8
1784847325 11.9
1784847326 11.8
1784847327 11.9
1784847328 11.3
1784847329 10.8
1784847330 13.5
1784847331 13.3
1784847332 11.5
1784847333 11.6
1784847334 11.8
1784847335 12.2
1784847336 11.0
1784847337 12.0
1784847338 11.8
1784847339 11.3
1784847340 12.8
1784847341 17.8
1784847342 18.6
1784847343 11.3
1784847344 11.0
1784847345 11.7
1784847346 11.1
1784847347 16.0
1784847348 15.3
1784847349 11.5
1784847350 11.7
1784847351 12.4
1784847352 11.4
1784847353 12.3
1784847354 11.0
1784847355 13.0
1784847356 11.7
1784847357 12.3
1784847358 10.8
1784847359 11.6
1784847360 10.6
1784847361 12.2
1784847362 13.1
1784847363 11.6
1784847364 11.0
1784847365 10.6
1784847366 12.4
1784847367 13.9
1784847368 15.9
1784847369 12.5
1784847370 12.4
1784847371 12.0
1784847372 11.3
1784847373 11.1
1784847374 11.8
1784847375 11.9
1784847376 10.9
1784847377 12.5
1784847378 10.7
1784847379 11.5
1784847380 11.5
1784847381 12.0
1784847382 11.5
1784847383 10.7
1784847384 11.3
1784847385 12.2
1784847386 14.3
1784847387 13.3
1784847388 11.5
1784847389 11.5
1784847390 11.8
1784847391 12.0
1784847392 11.5
1784847393 13.1
1784847394 11.3
1784847395 11.8
1784847396 11.6
1784847397 13.2
1784847398 11.8
1784847399 11.9
1784847400 14.7
1784847401 17.1
1784847402 19.0
1784847403 11.5
1784847404 10.5
1784847405 11.6
1784847406 11.8
1784847407 12.1
1784847408 10.3
1784847409 11.9
1784847410 11.5
1784847411 11.5
1784847412 11.2
1784847413 11.6
1784847414 11.6
1784847415 11.4
1784847416 12.6
1784847417 12.3
1784847418 12.6
1784847419 11.8
1784847420 11.2
1784847421 11.8
1784847422 10.7
1784847423 11.1
1784847424 11.4
1784847425 13.1
1784847426 11.0
1784847427 15.2
1784847428 14.8
1784847429 12.4
1784847430 11.8
1784847431 12.5
1784847432 11.4
1784847433 10.7
1784847434 12.4
1784847435 11.0
1784847436 11.5
1784847437 12.1
1784847438 11.0
1784847439 11.6
1784847440 10.9
1784847441 12.0
1784847442 11.6
1784847443 11.2
1784847444 10.6
1784847445 12.1
1784847446 11.6
1784847447 11.4
1784847448 11.0
1784847449 12.8
1784847450 11.7
1784847451 11.1
1784847452 12.3
1784847453 11.7
1784847454 10.3
1784847455 11.7
1784847456 12.6
1784847457 13.1
1784847458 11.0
1784847459 11.8
1784847460 15.6
1784847461 19.2
1784847462 16.9
1784847463 11.3
1784847464 11.1
1784847466 10.8
1784847467 12.4
1784847468 12.0
1784847469 11.4
1784847470 16.5
1784847471 14.2
1784847472 11.8
1784847473 11.3
1784847474 11.6
1784847475 11.4
1784847476 11.6
1784847477 11.2
1784847478 16.2
1784847479 11.4
1784847480 11.3
1784847481 11.0
1784847482 13.1
1784847483 11.6
1784847484 10.6
1784847485 12.2
1784847486 11.2
1784847487 15.7
1784847488 14.4
1784847489 14.6
1784847490 12.1
1784847491 10.7
1784847492 16.1
1784847493 22.6
1784847494 13.0
1784847495 11.7
1784847496 12.4
1784847497 12.9
1784847498 10.7
1784847499 10.9
1784847500 12.5
1784847501 11.3
1784847502 11.2
1784847503 12.0
1784847504 11.4
1784847505 11.3
1784847506 11.3
1784847507 12.5
1784847508 12.0
1784847509 10.5
1784847510 13.2
1784847511 11.7
1784847512 11.9
1784847513 12.7
1784847514 17.3
1784847515 11.7
1784847516 10.7
1784847517 12.7
1784847518 11.9
1784847519 11.3
1784847520 12.7
1784847521 15.9
1784847522 20.3
1784847523 14.2
1784847524 11.6
1784847525 12.3
1784847526 11.3
1784847527 11.8
1784847528 12.2
1784847529 11.7
1784847530 11.4
1784847531 11.2
1784847532 12.0
1784847533 12.1
1784847534 11.1
1784847535 12.1
1784847536 11.8
1784847537 11.9
1784847538 11.5
1784847539 12.4
1784847540 12.2
1784847541 10.6
1784847542 12.3
1784847543 11.0
1784847544 11.5
1784847545 11.2
1784847546 13.2
1784847547 14.0
1784847548 11.3
1784847549 11.5
1784847550 12.0
1784847551 11.5
1784847552 11.5
1784847553 17.5
1784847554 13.0
1784847555 10.9
1784847556 11.2
1784847557 12.3
1784847558 12.7
1784847559 11.3
1784847560 11.9
1784847561 11.2
1784847562 12.1
1784847563 11.2
1784847564 12.4
1784847565 11.7
1784847566 10.9
1784847567 12.3
1784847568 11.5
1784847569 11.3
1784847570 11.9
1784847571 11.6
1784847572 11.8
1784847573 11.2
1784847574 10.9
1784847575 11.6
1784847576 11.6
1784847577 12.0
1784847578 12.1
1784847579 11.7
1784847580 12.3
1784847581 15.5
1784847582 22.0
1784847583 13.6
1784847584 11.2
1784847585 11.9
1784847586 11.3
1784847587 11.8
1784847588 11.7
1784847589 12.0
1784847590 12.8
1784847591 10.6
1784847592 18.2
1784847593 12.8
1784847594 11.3
1784847595 11.1
1784847596 11.9
1784847597 12.5
1784847598 11.5
1784847599 10.3
1784847600 13.2
1784847601 12.2
1784847602 11.5
1784847603 11.5
1784847604 11.9
1784847605 11.6
1784847606 11.1
1784847607 12.9
1784847608 17.5
1784847609 11.3
1784847610 11.8
1784847611 11.4
1784847612 11.9
1784847613 10.5
1784847614 13.6
1784847615 11.8
1784847616 11.8
1784847617 12.1
1784847618 11.5
1784847619 12.3
1784847620 11.1
1784847621 12.3
1784847622 12.4
1784847623 11.0
1784847624 11.6
1784847625 11.7
1784847626 12.0
1784847627 12.3
1784847628 11.5
1784847629 12.0
1784847630 14.0
1784847631 11.5
1784847632 11.7
1784847633 11.8
1784847634 11.4
1784847635 11.5
1784847636 11.6
1784847637 11.9
1784847638 11.4
1784847639 11.4
1784847640 14.5
1784847641 15.3
1784847642 20.3
1784847643 11.5
1784847644 12.2
1784847645 13.0
1784847646 11.0
1784847647 12.6
1784847648 10.9
1784847649 11.4
1784847650 11.5
1784847651 11.2
1784847652 13.0
1784847653 10.6
1784847654 12.8
1784847655 10.7
1784847656 12.6
1784847657 12.6
1784847658 12.3
1784847659 11.9
1784847660 11.6
1784847661 11.5
1784847662 11.7
1784847663 11.8
1784847664 10.9
1784847665 12.1
1784847666 10.7
1784847667 12.1
1784847668 15.8
1784847669 12.6
1784847670 11.5
1784847671 10.7
1784847672 13.1
1784847673 10.3
1784847674 12.0
1784847675 11.1
1784847676 14.0
1784847677 11.9
1784847678 11.0
1784847680 12.2
1784847681 11.2
1784847682 11.1
1784847683 10.9
1784847684 13.4
1784847685 11.7
1784847686 11.1
1784847687 11.2
1784847688 12.3
1784847689 12.2
1784847690 11.8
1784847691 12.2
1784847692 10.7
1784847693 11.9
1784847694 10.1
1784847695 12.6
1784847696 10.8
1784847697 10.7
1784847698 13.1
1784847699 11.0
1784847700 12.1
1784847701 13.6
1784847702 17.1
1784847703 18.2
1784847704 11.2
1784847705 12.2
1784847706 11.1
1784847707 12.3
1784847708 10.9
1784847709 13.9
1784847710 11.5
1784847711 11.2
1784847712 10.7
1784847713 12.6
1784847714 11.0
1784847715 18.2
1784847716 13.5
1784847717 11.4
1784847718 11.5
1784847719 10.9
1784847720 13.3
1784847721 10.8
1784847722 12.3
1784847723 12.0
1784847724 11.5
1784847725 12.7
1784847726 10.7
1784847727 12.8
1784847728 13.2
1784847729 17.7
1784847730 11.5
1784847731 12.2
1784847732 11.3
1784847733 11.1
1784847734 11.6
1784847735 11.6
1784847736 11.3
1784847737 11.7
1784847738 12.7
1784847739 11.5
1784847740 13.4
1784847741 11.9
1784847742 10.6
1784847743 11.9
1784847744 10.6
1784847745 12.9
1784847746 11.5
1784847747 13.3
1784847748 12.3
1784847749 11.0
1784847750 13.6
1784847751 11.7
1784847752 11.9
1784847753 11.8
1784847754 11.0
1784847755 12.0
1784847756 11.1
1784847757 11.9
1784847758 10.6
1784847759 12.0
1784847760 11.8
1784847761 17.2
1784847762 11.8
1784847763 12.1
1784847764 11.9
1784847765 11.4
1784847766 13.9
1784847767 11.9
1784847768 11.7
1784847769 11.4
1784847770 13.2
1784847771 12.4
1784847772 11.2
1784847773 11.8
1784847774 11.4
1784847775 12.3
1784847776 11.1
1784847777 13.3
1784847778 12.5
1784847779 12.2
1784847780 12.8
1784847781 19.1
1784847782 15.0
1784847783 11.2
1784847784 11.2
1784847785 12.3
1784847786 10.9
1784847787 12.4
1784847788 12.7
1784847789 11.5
1784847790 11.7
1784847791 11.7
1784847792 12.0
1784847793 11.6
1784847794 10.8
1784847795 13.0
1784847796 10.8
1784847797 12.0
1784847798 12.0
1784847799 11.5
1784847800 12.1
1784847801 10.6
1784847802 15.2
1784847803 14.4
1784847804 11.6
1784847805 12.1
1784847806 11.3
1784847807 11.6
1784847808 11.0
1784847809 11.1
1784847810 14.9
1784847811 11.3
1784847812 10.6
1784847813 12.3
1784847814 11.4
1784847815 12.5
1784847816 12.3
1784847817 12.3
1784847818 11.9
1784847819 11.1
1784847820 14.0
1784847821 15.5
1784847822 20.1
1784847823 15.3
1784847824 11.4
1784847825 11.9
1784847826 13.5
1784847827 11.4
1784847828 12.0
1784847829 11.3
1784847830 12.6
1784847831 11.4
1784847832 11.0
1784847833 11.7
1784847834 13.3
1784847835 12.2
1784847836 13.5
1784847837 17.1
1784847838 11.4
1784847839 11.4
1784847840 12.6
1784847841 12.2
1784847842 11.6
1784847843 11.2
1784847844 10.9
1784847845 13.2
1784847846 12.0
1784847847 12.9
1784847848 15.8
1784847849 12.4
1784847850 11.3
1784847851 11.6
1784847852 11.7
1784847853 11.1
1784847854 11.6
1784847855 12.7
1784847856 11.4
1784847857 11.7
1784847858 11.2
1784847859 11.9
1784847860 12.6
1784847861 11.5
1784847862 11.3
1784847863 12.1
1784847864 11.3
1784847865 13.4
1784847866 11.5
1784847867 12.2
1784847868 11.4
1784847869 11.3
1784847870 13.3
1784847871 11.0
1784847872 13.0
1784847873 11.0
1784847874 11.5
1784847875 11.8
1784847876 11.9
1784847877 12.3
1784847878 11.1
1784847879 11.8
1784847880 13.9
1784847881 12.3
1784847882 12.7
1784847883 10.6
1784847884 11.4
1784847885 11.8
1784847886 14.5
1784847887 11.6
1784847888 11.8
1784847889 11.7
1784847890 12.3
1784847891 11.4
1784847893 11.8
1784847894 11.2
1784847895 10.8
1784847896 11.4
1784847897 12.7
1784847898 14.2
1784847899 11.2
1784847900 11.3
1784847901 16.1
1784847902 17.6
1784847903 11.7
1784847904 10.8
1784847905 13.2
1784847906 10.9
1784847907 11.1
1784847908 13.1
1784847909 12.9
1784847910 11.5
1784847911 11.1
1784847912 11.9
1784847913 11.0
1784847914 11.0
1784847915 12.4
1784847916 10.6
1784847917 12.6
1784847918 11.2
1784847919 12.8
1784847920 10.8
1784847921 11.7
1784847922 11.8
1784847923 17.0
1784847924 10.8
1784847925 11.1
1784847926 11.8
1784847927 11.5
1784847928 11.6
1784847929 12.6
1784847930 13.4
1784847931 10.4
1784847932 11.3
1784847933 11.8
1784847934 11.3
1784847935 11.7
1784847936 11.9
1784847937 12.8
1784847938 11.2
1784847939 11.6
1784847940 13.3
1784847941 13.1
1784847942 11.9
1784847943 12.3
1784847944 11.9
1784847945 11.2
1784847946 11.1
1784847947 12.5
1784847948 11.4
1784847949 11.1
1784847950 11.7
1784847951 12.1
1784847952 11.0
1784847953 12.1
1784847954 10.8
1784847955 12.6
1784847956 10.9
1784847957 12.2
1784847958 12.4
1784847959 13.5
1784847960 18.0
1784847961 16.9
1784847962 17.4
1784847963 10.9
1784847964 11.6
1784847965 11.5
1784847966 11.6
1784847967 13.3
1784847968 10.9
1784847969 13.4
1784847970 11.2
1784847971 12.2
1784847972 11.3
1784847973 12.6
1784847974 10.9
1784847975 11.8
1784847976 11.9
1784847977 11.3
1784847978 12.1
1784847979 11.3
1784847980 12.1
1784847981 10.8
1784847982 13.8
1784847983 15.0
1784847984 10.4
1784847985 11.5
1784847986 11.1
1784847987 12.8
1784847988 11.0
1784847989 11.7
1784847990 13.2
1784847991 11.5
1784847992 13.0
1784847993 11.5
1784847994 12.5
1784847995 11.5
1784847996 11.1
1784847997 11.8
1784847998 12.1
1784847999 13.1
1784848000 11.2
1784848001 15.1
1784848002 15.7
1784848003 20.4
1784848004 10.2
1784848005 12.3
1784848006 10.5
1784848007 12.8
1784848008 11.4
1784848009 11.3
1784848010 11.9
1784848011 10.9
1784848012 11.8
1784848013 11.5
1784848014 11.2
1784848015 11.2
1784848016 12.1
1784848017 12.2
1784848018 11.5
1784848019 12.1
1784848020 10.9
1784848021 11.3
1784848022 11.0
1784848023 13.1
1784848024 11.2
1784848025 11.8
1784848026 11.1
1784848027 12.6
1784848028 12.5
1784848029 15.4
1784848030 12.9
1784848031 12.9
1784848032 13.0
1784848033 11.9
1784848034 12.2
1784848035 12.5
1784848036 10.3
1784848037 13.6
1784848038 10.8
1784848039 11.4
1784848040 11.0
1784848041 11.8
1784848042 11.7
1784848043 17.4
1784848044 13.0
1784848045 11.8
1784848046 12.3
1784848047 16.9
1784848048 15.6
1784848049 10.8
1784848050 12.7
1784848051 11.4
1784848052 11.8
1784848053 11.5
1784848054 11.1
1784848055 13.7
1784848056 10.6
1784848057 12.6
1784848058 11.1
1784848059 12.3
1784848060 13.7
1784848061 12.8
1784848062 19.5
1784848063 18.2
1784848064 11.3
1784848065 11.1
1784848066 12.9
1784848067 11.8
1784848068 11.7
1784848069 11.7
1784848070 11.7
1784848071 11.5
1784848072 10.8
1784848073 12.9
1784848074 10.5
1784848075 11.7
1784848076 12.0
1784848077 13.2
1784848078 12.1
1784848079 10.9
1784848080 12.3
1784848081 10.4
1784848082 11.7
1784848083 11.6
1784848084 12.8
1784848085 11.7
1784848086 10.6
1784848087 12.7
1784848088 15.8
1784848089 14.9
1784848090 11.5
1784848091 11.5
1784848092 18.4
1784848093 20.4
1784848094 11.7
1784848095 11.0
1784848096 11.2
1784848097 12.4
1784848098 12.2
1784848099 11.2
1784848100 12.0
1784848101 11.2
1784848102 12.3
1784848103 15.5
1784848105 17.0
1784848106 11.4
1784848107 10.5
1784848108 13.4
1784848109 18.3
1784848110 12.1
1784848111 12.2
1784848112 10.5
1784848113 11.4
1784848114 11.9
1784848115 17.7
1784848116 11.6
1784848117 11.2
1784848118 12.3
1784848119 11.0
1784848120 13.5
1784848121 13.1
1784848122 12.9
1784848123 18.9
1784848124 16.1
1784848125 11.0
1784848126 11.7
1784848127 12.1
1784848128 12.4
1784848129 12.0
1784848130 11.5
1784848131 12.0
1784848132 11.2
1784848133 11.3
1784848134 12.1
1784848135 11.7
1784848136 11.6
1784848137 11.1
1784848138 11.5
1784848139 11.5
1784848140 11.8
1784848141 11.3
1784848142 10.7
1784848143 11.9
1784848144 11.7
1784848145 11.7
1784848146 11.7
1784848147 11.6
1784848148 11.6
1784848149 16.3
1784848150 14.9
1784848151 11.3
1784848152 12.4
1784848153 11.7
1784848154 11.7
1784848155 10.8
1784848156 11.7
1784848157 11.6
1784848158 12.7
1784848159 13.0
1784848160 11.3
1784848161 12.0
1784848162 10.6
1784848163 12.1
1784848164 12.1
1784848165 11.9
1784848166 11.9
1784848167 10.7
1784848168 11.8
1784848169 19.3
1784848170 14.2
1784848171 11.4
1784848172 11.5
1784848173 10.6
1784848174 12.4
1784848175 11.6
1784848176 11.0
1784848177 12.0
1784848178 12.7
1784848179 12.0
1784848180 12.1
1784848181 11.7
1784848182 15.4
1784848183 21.1
1784848184 15.5
1784848185 11.4
1784848186 11.4
1784848187 11.9
1784848188 11.1
1784848189 12.5
1784848190 13.1
1784848191 10.9
1784848192 10.8
1784848193 11.3
1784848194 12.9
1784848195 11.9
1784848196 11.9
1784848197 17.0
1784848198 13.3
1784848199 11.8
1784848200 12.0
1784848201 14.7
1784848202 11.4
1784848203 11.4
1784848204 12.7
1784848205 14.4
1784848206 10.8
1784848207 12.1
1784848208 11.6
1784848209 17.1
1784848210 14.5
1784848211 11.3
1784848212 11.0
1784848213 11.0
1784848214 14.0
1784848215 13.3
1784848216 11.3
1784848217 10.8
1784848218 12.1
1784848219 12.4
1784848220 12.2
1784848221 11.1
1784848222 12.5
1784848223 11.0
1784848224 11.3
1784848225 12.0
1784848226 12.9
1784848227 11.7
1784848228 11.8
1784848229 11.9
1784848230 13.2
1784848231 10.5
1784848232 11.4
1784848233 11.0
1784848234 13.1
1784848235 11.0
1784848236 12.8
1784848237 12.0
1784848238 11.4
1784848239 12.0
1784848240 11.8
1784848241 11.1
1784848242 17.9
1784848243 20.4
1784848244 13.4
1784848245 11.9
1784848246 13.0
1784848247 12.2
1784848248 11.3
1784848249 12.2
1784848250 12.5
1784848251 11.3
1784848252 10.6
1784848253 12.9
1784848254 12.8
1784848255 11.1
1784848256 11.8
1784848257 12.7
1784848258 11.9
1784848259 11.7
1784848260 12.2
1784848261 14.7
1784848262 10.7
1784848263 11.4
1784848264 12.4
1784848265 11.7
1784848266 10.7
1784848267 11.6
1784848268 12.2
1784848269 16.7
1784848270 11.9
1784848271 10.5
1784848272 12.2
1784848273 10.5
1784848274 12.3
1784848275 11.2
1784848276 11.5
1784848277 12.5
1784848278 11.6
1784848279 13.5
1784848280 11.4
1784848281 11.5
1784848282 10.6
1784848283 12.6
1784848284 13.1
1784848285 12.5
1784848286 12.4
1784848287 11.3
1784848288 17.1
1784848289 18.0
1784848290 19.8
1784848291 10.7
1784848292 11.6
1784848293 11.9
1784848294 11.4
1784848295 11.8
1784848296 10.9
1784848297 12.9
1784848298 10.8
1784848299 12.7
1784848300 11.8
1784848301 11.9
1784848302 27.8
1784848303 14.0
1784848304 13.1
1784848305 11.3
1784848306 10.9
1784848307 11.1
1784848308 12.1
1784848309 14.2
1784848310 16.5
1784848311 12.0
1784848312 10.8
1784848313 10.9
1784848314 11.7
1784848315 11.8
1784848316 12.6
1784848318 11.4
1784848319 11.6
1784848320 12.1
1784848321 16.8
1784848322 17.2
1784848323 12.1
1784848324 10.3
1784848325 12.5
1784848326 11.4
1784848327 11.2
1784848328 11.9
1784848329 11.1
1784848330 12.8
1784848331 11.0
1784848332 11.2
1784848333 12.0
1784848334 11.1
1784848335 12.7
1784848336 10.2
1784848337 12.0
1784848338 11.0
1784848339 11.6
1784848340 11.7
1784848341 13.7
1784848342 11.4
1784848343 15.7
1784848344 11.3
1784848345 12.0
1784848346 11.3
1784848347 10.8
1784848348 13.1
1784848349 11.1
1784848350 13.4
1784848351 11.9
1784848352 11.7
1784848353 11.3
1784848354 10.9
1784848355 12.9
1784848356 10.5
1784848357 11.7
1784848358 10.8
1784848359 11.9
1784848360 12.4
1784848361 10.6
1784848362 15.1
1784848363 16.8
1784848364 18.2
1784848365 12.1
1784848366 11.7
1784848367 11.2
1784848368 10.2
1784848369 11.2
1784848370 13.0
1784848371 11.3
1784848372 10.7
1784848373 12.4
1784848374 10.7
1784848375 13.6
1784848376 11.5
1784848377 12.2
1784848378 11.5
1784848379 10.5
1784848380 12.4
1784848381 11.0
1784848382 11.4
1784848383 11.8
1784848384 12.1
1784848385 12.5
1784848386 10.7
1784848387 12.2
1784848388 11.1
1784848389 12.2
1784848390 15.7
1784848391 11.5
1784848392 11.3
1784848393 13.9
1784848394 19.5
1784848395 12.2
1784848396 11.3
1784848397 11.3
1784848398 11.6
1784848399 11.5
1784848400 12.9
1784848401 11.5
1784848402 12.0
1784848403 11.3
1784848404 10.7
1784848405 12.9
1784848406 13.2
1784848407 11.7
1784848408 10.6
1784848409 12.0
1784848410 13.5
1784848411 10.7
1784848412 18.2
1784848413 12.6
1784848414 11.3
1784848415 17.2
1784848416 11.2
1784848417 12.9
1784848418 10.3
1784848419 11.2
1784848420 12.8
1784848421 11.2
1784848422 13.7
1784848423 11.7
1784848424 12.1
1784848425 11.8
1784848426 11.3
1784848427 11.4
1784848428 11.7
1784848429 10.7
1784848430 12.9
1784848431 11.6
1784848432 10.7
1784848433 11.2
1784848434 10.4
1784848435 13.0
1784848436 11.5
1784848437 14.1
1784848438 11.9
1784848439 10.8
1784848440 13.8
1784848441 18.3
1784848442 14.7
1784848443 10.4
1784848444 12.8
1784848445 12.5
1784848446 12.8
1784848447 12.1
1784848448 11.1
1784848449 12.1
1784848450 11.9
1784848451 11.2
1784848452 11.2
1784848453 11.8
1784848454 11.3
1784848455 11.5
1784848456 13.0
1784848457 11.0
1784848458 11.5
1784848459 10.5
1784848460 12.9
1784848461 10.9
1784848462 17.9
1784848463 11.9
1784848464 11.9
1784848465 12.5
1784848466 11.5
1784848467 13.2
1784848468 12.0
1784848469 11.3
1784848470 12.0
1784848471 11.8
1784848472 11.0
1784848473 10.2
1784848474 12.2
1784848475 12.6
1784848476 11.8
1784848477 11.7
1784848478 11.7
1784848479 11.5
1784848480 11.5
1784848481 11.7
1784848482 14.0
1784848483 11.5
1784848484 10.9
1784848485 12.3
1784848486 10.8
1784848487 12.4
1784848488 10.7
1784848489 11.9
1784848490 13.0
1784848491 10.9
1784848492 11.8
1784848493 10.3
1784848494 11.3
1784848495 11.6
1784848496 13.4
1784848497 11.5
1784848498 11.3
1784848499 12.3
1784848500 13.0
1784848501 17.7
1784848502 15.7
1784848503 11.5
1784848504 11.2
1784848505 11.6
1784848506 13.3
1784848507 11.5
1784848508 11.0
1784848509 10.5
1784848510 13.8
1784848511 11.0
1784848512 11.5
1784848513 11.0
1784848514 11.4
1784848515 12.5
1784848516 10.9
1784848517 11.6
1784848518 11.6
1784848519 12.0
1784848520 12.0
1784848521 12.6
1784848522 14.0
1784848523 12.7
1784848524 11.5
1784848525 12.4
1784848526 11.9
1784848527 11.1
1784848528 12.2
1784848529 10.7
1784848531 13.8
1784848532 12.9
1784848533 13.5
1784848534 16.8
1784848535 11.5
1784848536 12.4
1784848537 12.1
1784848538 11.9
1784848539 12.8
1784848540 11.4
1784848541 12.1
1784848542 11.1
1784848543 15.1
1784848544 11.3
1784848545 11.5
1784848546 11.7
1784848547 11.6
1784848548 12.7
1784848549 11.0
1784848550 11.5
1784848551 12.2
1784848552 11.5
1784848553 11.0
1784848554 11.2
1784848555 11.5
1784848556 11.1
1784848557 12.1
1784848558 11.4
1784848559 11.4
1784848560 11.4
1784848561 15.2
1784848562 20.3
1784848563 12.0
1784848564 11.1
1784848565 12.0
1784848566 13.6
1784848567 11.7
1784848568 11.3
1784848569 11.3
1784848570 11.5
1784848571 12.5
1784848572 11.2
1784848573 11.4
1784848574 10.3
1784848575 11.8
1784848576 11.8
1784848577 12.2
1784848578 11.4
1784848579 12.2
1784848580 12.1
1784848581 11.4
1784848582 11.6
1784848583 17.3
1784848584 10.8
1784848585 15.4
1784848586 17.1
1784848587 18.5
1784848588 10.9
1784848589 11.5
1784848590 12.2
1784848591 11.7
1784848592 11.2
1784848593 11.4
1784848594 11.9
1784848595 12.8
1784848596 12.2
1784848597 12.1
1784848598 11.7
1784848599 11.3
1784848600 11.4
1784848601 12.1
1784848602 11.6
1784848603 30.0
1784848604 13.7
1784848605 11.8
1784848606 11.7
1784848607 13.4
1784848608 10.6
1784848609 12.3
1784848610 11.1
1784848611 11.9
1784848612 13.1
1784848613 15.9
1784848614 11.2
1784848615 11.4
1784848616 12.8
1784848617 11.5
1784848618 11.7
1784848619 10.7
1784848620 13.1
1784848621 19.0
1784848622 14.4
1784848623 11.6
1784848624 11.3
1784848625 11.7
1784848626 11.5
1784848627 15.4
1784848628 10.6
1784848629 11.6
1784848630 11.0
1784848631 12.9
1784848632 11.5
1784848633 10.3
1784848634 13.3
1784848635 11.0
1784848636 11.4
1784848637 11.7
1784848638 12.3
1784848639 12.2
1784848640 11.2
1784848641 12.4
1784848642 15.8
1784848643 14.0
1784848644 10.8
1784848645 12.4
1784848646 11.2
1784848647 12.1
1784848648 11.1
1784848649 11.0
1784848650 12.4
1784848651 11.4
1784848652 12.2
1784848653 10.4
1784848654 11.2
1784848655 14.7
1784848656 15.2
1784848657 12.3
1784848658 10.9
1784848659 13.4
1784848660 10.7
1784848661 11.7
1784848662 16.1
1784848663 13.9
1784848664 10.8
1784848665 10.6
1784848666 12.6
1784848667 13.2
1784848668 11.2
1784848669 10.8
1784848670 11.6
1784848671 11.5
1784848672 11.1
1784848673 11.7
1784848674 10.4
1784848675 12.0
1784848676 11.4
1784848677 12.9
1784848678 10.5
1784848679 11.7
1784848680 14.5
1784848681 21.1
